time,gpu_power_w,gpu_temp_c,mem_temp_c,sm_mhz,mem_mhz,gpu_util,mem_used_mib,throttle,load1,mem_avail_mib
20:59:50,32.76,55,N/A,210,405,0,13958,0x0000000000000001,1.53,122383
20:59:52,32.71,54,N/A,210,405,0,13958,0x0000000000000001,1.53,122382
20:59:54,32.62,54,N/A,210,405,0,13958,0x0000000000000001,1.53,122382
20:59:56,32.59,54,N/A,210,405,0,13958,0x0000000000000001,1.41,122378
20:59:58,32.61,53,N/A,210,405,0,13958,0x0000000000000001,1.41,122383
21:00:01,32.47,53,N/A,210,405,0,13958,0x0000000000000001,1.30,122372
21:00:03,32.45,53,N/A,210,405,0,13958,0x0000000000000001,1.30,122374
21:00:05,32.37,52,N/A,210,405,0,13958,0x0000000000000001,1.30,122375
21:00:07,32.27,52,N/A,210,405,0,13958,0x0000000000000001,1.19,122373
21:00:09,32.18,52,N/A,210,405,0,13958,0x0000000000000001,1.19,122375
21:00:11,48.97,52,N/A,2505,9501,14,14749,0x0000000000000000,1.18,121558
21:00:13,65.82,52,N/A,2505,9501,10,16061,0x0000000000000000,1.18,121541
21:00:15,65.93,52,N/A,2505,9501,24,17853,0x0000000000000000,1.18,121431
21:00:17,65.81,52,N/A,2505,9501,10,19709,0x0000000000000000,1.16,121486
21:00:19,65.86,52,N/A,2505,9501,24,21533,0x0000000000000000,1.16,121454
21:00:21,65.86,52,N/A,2505,9501,7,23261,0x0000000000000000,1.15,121280
21:00:23,291.68,60,N/A,1845,9501,98,23717,0x0000000000000004,1.15,121074
21:00:25,299.06,63,N/A,1110,9501,100,23877,0x0000000000000004,1.14,121040
21:00:27,297.58,64,N/A,1095,9501,97,23877,0x0000000000000004,1.14,121033
21:00:29,86.44,57,N/A,2760,9501,0,13958,0x0000000000000000,1.14,122277
21:00:31,55.03,55,N/A,435,5001,0,13958,0x0000000000000001,1.13,122094
21:00:33,42.71,55,N/A,210,810,0,13958,0x0000000000000001,1.13,122349
21:00:35,34.63,54,N/A,210,405,0,13958,0x0000000000000001,1.04,122378
21:00:37,32.48,54,N/A,210,405,0,13958,0x0000000000000001,1.04,122379
21:00:39,32.46,53,N/A,210,405,0,13958,0x0000000000000001,1.04,122373
21:00:41,32.32,53,N/A,210,405,0,13958,0x0000000000000001,0.95,122374
21:00:43,32.37,53,N/A,210,405,0,13958,0x0000000000000001,0.95,122377
21:00:46,32.23,53,N/A,210,405,0,13958,0x0000000000000001,0.88,122368
21:00:48,32.07,52,N/A,210,405,0,13958,0x0000000000000001,0.88,122368
21:00:50,32.07,52,N/A,210,405,0,13958,0x0000000000000001,0.88,122367
21:00:52,31.86,51,N/A,210,405,0,13958,0x0000000000000001,0.89,122371
21:00:54,31.99,51,N/A,210,405,0,13958,0x0000000000000001,0.89,122371
21:00:56,31.86,51,N/A,210,405,0,13958,0x0000000000000001,0.82,122370
21:00:58,31.76,51,N/A,210,405,0,13958,0x0000000000000001,0.82,122358
21:01:00,35.49,51,N/A,2505,9501,4,14437,0x0000000000000000,0.82,122032
21:01:02,67.10,51,N/A,2505,9501,0,13958,0x0000000000000001,0.83,122365
21:01:04,47.05,50,N/A,405,405,0,13958,0x0000000000000001,0.83,122365
21:01:06,32.75,50,N/A,2505,9501,2,13987,0x0000000000000000,0.76,122158
21:01:08,79.49,51,N/A,2505,9501,4,14471,0x0000000000000000,0.76,121951
21:01:10,108.96,58,N/A,1140,9501,82,14397,0x0000000000000004,0.78,121974
21:01:12,80.55,52,N/A,2760,9501,0,13958,0x0000000000000000,0.78,122358
21:01:14,54.74,50,N/A,375,810,0,13958,0x0000000000000001,0.78,122374
21:01:16,32.11,50,N/A,210,405,0,13958,0x0000000000000001,0.72,122369
21:01:18,31.30,50,N/A,210,405,0,13958,0x0000000000000001,0.72,122367
21:01:20,31.13,50,N/A,210,405,0,13958,0x0000000000000001,0.66,122366
21:01:22,30.73,49,N/A,210,405,0,13958,0x0000000000000001,0.66,122365
21:01:24,30.73,49,N/A,210,405,0,13958,0x0000000000000001,0.66,122360
21:01:27,30.73,49,N/A,210,405,0,13958,0x0000000000000001,0.61,122360
21:01:29,30.64,49,N/A,210,405,0,13958,0x0000000000000001,0.61,122365
21:01:31,30.16,48,N/A,210,405,0,13958,0x0000000000000001,0.64,122362
21:01:33,29.71,48,N/A,210,405,0,13958,0x0000000000000001,0.64,122357
21:01:35,29.55,48,N/A,210,405,0,13958,0x0000000000000001,0.64,122357
21:01:37,29.56,48,N/A,210,405,0,13958,0x0000000000000001,0.59,122357
21:01:39,29.36,47,N/A,210,405,0,13958,0x0000000000000001,0.59,122355
21:01:41,29.64,47,N/A,210,405,0,13958,0x0000000000000001,0.62,122354
21:01:43,29.72,47,N/A,210,405,0,13958,0x0000000000000001,0.62,122340
21:01:45,29.47,47,N/A,210,405,0,13958,0x0000000000000001,0.62,122358
21:01:47,28.82,47,N/A,210,405,0,13958,0x0000000000000001,0.57,122224
21:01:49,29.22,46,N/A,210,405,0,13958,0x0000000000000001,0.57,121972
21:01:51,29.12,46,N/A,210,405,0,13958,0x0000000000000001,0.61,122054
21:01:53,28.76,46,N/A,210,405,0,13958,0x0000000000000001,0.61,121934
21:01:55,85.47,48,N/A,2505,9501,35,13958,0x0000000000000000,0.64,122285
21:01:57,88.47,48,N/A,2505,9501,8,13958,0x0000000000000000,0.64,122188
21:01:59,89.44,48,N/A,2505,9501,0,13975,0x0000000000000000,0.64,122175
21:02:01,94.49,48,N/A,2505,9501,0,14389,0x0000000000000000,0.67,122148
21:02:03,70.18,48,N/A,2505,9501,0,13958,0x0000000000000000,0.67,122350
21:02:05,43.92,47,N/A,540,810,0,13958,0x0000000000000001,0.61,122349
21:02:08,30.98,47,N/A,210,405,0,13958,0x0000000000000001,0.61,122348
21:02:10,28.62,46,N/A,210,405,0,13958,0x0000000000000001,0.61,122351
21:02:12,29.08,46,N/A,210,405,0,13958,0x0000000000000001,0.56,122351
21:02:14,28.25,46,N/A,210,405,0,13958,0x0000000000000001,0.56,122340
21:02:16,28.71,46,N/A,210,405,0,13958,0x0000000000000001,0.52,122356
21:02:18,28.58,46,N/A,210,405,0,13958,0x0000000000000001,0.52,122357
21:02:20,28.89,46,N/A,210,405,0,13958,0x0000000000000001,0.52,122353
21:02:22,28.69,45,N/A,210,405,0,13958,0x0000000000000001,0.48,122228
21:02:24,28.15,45,N/A,210,405,0,13958,0x0000000000000001,0.48,122361
21:02:26,28.02,45,N/A,210,405,0,13958,0x0000000000000001,0.44,122358
21:02:28,27.53,45,N/A,210,405,0,13958,0x0000000000000001,0.44,122361
21:02:30,27.66,45,N/A,210,405,0,13958,0x0000000000000001,0.44,122361
21:02:32,27.73,45,N/A,210,405,0,13958,0x0000000000000001,0.48,122362
21:02:34,27.14,44,N/A,210,405,0,13958,0x0000000000000001,0.48,122359
21:02:36,26.46,44,N/A,210,405,0,13958,0x0000000000000001,0.44,122358
21:02:38,26.40,44,N/A,210,405,0,13958,0x0000000000000001,0.44,122358
21:02:40,26.35,44,N/A,210,405,0,13958,0x0000000000000001,0.41,122356
21:02:42,25.94,44,N/A,210,405,0,13958,0x0000000000000001,0.41,122347
21:02:44,25.81,44,N/A,210,405,0,13958,0x0000000000000001,0.41,122351
21:02:46,26.23,44,N/A,210,405,0,13958,0x0000000000000001,0.46,122347
21:02:48,26.08,43,N/A,210,405,0,13958,0x0000000000000001,0.46,122345
21:02:51,25.82,43,N/A,210,405,0,13958,0x0000000000000001,0.42,122344
21:02:53,25.88,43,N/A,210,405,0,13958,0x0000000000000001,0.42,122343
21:02:55,25.46,43,N/A,210,405,0,13958,0x0000000000000001,0.42,122344
21:02:57,25.56,43,N/A,210,405,0,13958,0x0000000000000001,0.39,122342
21:02:59,25.89,43,N/A,210,405,0,13958,0x0000000000000001,0.39,122341
21:03:01,25.70,43,N/A,210,405,0,13958,0x0000000000000001,0.35,122353
21:03:03,25.46,43,N/A,210,405,0,13958,0x0000000000000001,0.35,122354
21:03:05,25.30,42,N/A,210,405,0,13958,0x0000000000000001,0.35,122354
21:03:07,25.25,42,N/A,210,405,0,13958,0x0000000000000001,0.33,122357
21:03:09,25.16,42,N/A,210,405,0,13958,0x0000000000000001,0.33,122356
21:03:11,25.46,42,N/A,210,405,0,13958,0x0000000000000001,0.30,122355
21:03:13,24.91,42,N/A,210,405,0,13958,0x0000000000000001,0.30,122354
21:03:15,24.74,42,N/A,210,405,0,13958,0x0000000000000001,0.30,122361
21:03:17,25.09,42,N/A,210,405,0,13958,0x0000000000000001,0.36,122364
21:03:19,24.35,42,N/A,210,405,0,13958,0x0000000000000001,0.36,122365
21:03:21,24.44,41,N/A,210,405,0,13958,0x0000000000000001,0.33,122366
21:03:23,24.59,41,N/A,210,405,0,13958,0x0000000000000001,0.33,122362
21:03:25,23.78,41,N/A,210,405,0,13958,0x0000000000000001,0.30,122370
21:03:27,24.26,41,N/A,210,405,0,13958,0x0000000000000001,0.30,122369
21:03:29,24.31,41,N/A,210,405,0,13958,0x0000000000000001,0.30,122370
21:03:31,24.76,41,N/A,210,405,0,13958,0x0000000000000001,0.36,122366
21:03:34,23.67,41,N/A,210,405,0,13958,0x0000000000000001,0.36,122369
21:03:36,24.13,41,N/A,210,405,0,13958,0x0000000000000001,0.33,122369
21:03:38,23.58,41,N/A,210,405,0,13958,0x0000000000000001,0.33,122366
21:03:40,24.18,41,N/A,210,405,0,13958,0x0000000000000001,0.33,122369
21:03:42,24.56,41,N/A,210,405,0,13958,0x0000000000000001,0.30,122366
21:03:44,24.75,40,N/A,210,405,0,13958,0x0000000000000001,0.30,122367
21:03:46,24.32,40,N/A,210,405,0,13958,0x0000000000000001,0.28,122364
21:03:48,24.20,40,N/A,210,405,0,13958,0x0000000000000001,0.28,122370
21:03:50,23.63,40,N/A,210,405,0,13958,0x0000000000000001,0.28,122368
21:03:52,23.83,40,N/A,210,405,0,13958,0x0000000000000001,0.34,122368
21:03:54,23.76,40,N/A,210,405,0,13958,0x0000000000000001,0.34,122369
21:03:56,24.00,40,N/A,210,405,0,13958,0x0000000000000001,0.31,122366
21:03:58,23.78,40,N/A,210,405,0,13958,0x0000000000000001,0.31,122368
21:04:00,23.90,40,N/A,210,405,0,13958,0x0000000000000001,0.31,122370
21:04:02,24.40,40,N/A,210,405,0,13958,0x0000000000000001,0.36,122374
21:04:04,24.26,40,N/A,210,405,0,13958,0x0000000000000001,0.36,122373
21:04:06,24.16,40,N/A,210,405,0,13958,0x0000000000000001,0.33,122372
21:04:08,23.95,39,N/A,210,405,0,13958,0x0000000000000001,0.33,122377
21:04:10,23.97,39,N/A,210,405,0,13958,0x0000000000000001,0.31,122375
21:04:12,23.90,39,N/A,210,405,0,13958,0x0000000000000001,0.31,122371
21:04:14,23.13,39,N/A,210,405,0,13958,0x0000000000000001,0.31,122359
21:04:17,23.56,39,N/A,210,405,0,13958,0x0000000000000001,0.36,122363
21:04:19,23.77,39,N/A,210,405,0,13958,0x0000000000000001,0.36,122366
21:04:21,23.62,39,N/A,210,405,0,13958,0x0000000000000001,0.33,122366
21:04:23,23.53,39,N/A,210,405,0,13958,0x0000000000000001,0.33,122356
21:04:25,23.67,39,N/A,210,405,0,13958,0x0000000000000001,0.33,122355
21:04:27,23.16,39,N/A,210,405,0,13958,0x0000000000000001,0.31,122352
21:04:29,23.61,39,N/A,210,405,0,13958,0x0000000000000001,0.31,122356
21:04:31,23.80,39,N/A,210,405,0,13958,0x0000000000000001,0.28,122356
21:04:33,23.79,39,N/A,210,405,0,13958,0x0000000000000001,0.28,122344
21:04:35,23.66,39,N/A,210,405,0,13958,0x0000000000000001,0.28,122357
21:04:37,23.74,39,N/A,210,405,0,13958,0x0000000000000001,0.26,122356
21:04:39,23.68,39,N/A,210,405,0,13958,0x0000000000000001,0.26,122355
21:04:41,23.66,38,N/A,210,405,0,13958,0x0000000000000001,0.24,122353
21:04:43,23.43,38,N/A,210,405,0,13958,0x0000000000000001,0.24,122354
21:04:45,23.29,38,N/A,210,405,0,13958,0x0000000000000001,0.24,122341
21:04:47,23.39,38,N/A,210,405,0,13958,0x0000000000000001,0.38,122344
21:04:49,23.65,38,N/A,210,405,0,13958,0x0000000000000001,0.38,122345
21:04:51,23.54,38,N/A,210,405,0,13958,0x0000000000000001,0.35,122349
21:04:53,23.45,38,N/A,210,405,0,13958,0x0000000000000001,0.35,122345
21:04:55,23.18,38,N/A,210,405,0,13958,0x0000000000000001,0.40,122343
21:04:57,23.38,38,N/A,210,405,0,13958,0x0000000000000001,0.40,122344
21:05:00,23.44,38,N/A,210,405,0,13958,0x0000000000000001,0.40,122342
21:05:02,23.16,38,N/A,210,405,0,13958,0x0000000000000001,0.37,122324
21:05:04,22.93,38,N/A,210,405,0,13958,0x0000000000000001,0.37,122012
21:05:06,22.94,38,N/A,210,405,0,13958,0x0000000000000001,0.42,122181
21:05:08,23.16,38,N/A,210,405,0,13958,0x0000000000000001,0.42,121810
21:05:10,30.15,40,N/A,2505,9501,7,14471,0x0000000000000000,0.42,121905
21:05:12,281.70,49,N/A,2475,9501,93,14475,0x0000000000000004,0.47,121853
21:05:14,286.39,51,N/A,2430,9501,97,14475,0x0000000000000004,0.47,121849
21:05:16,293.13,53,N/A,2025,9501,97,14475,0x0000000000000004,0.51,121852
21:05:18,295.12,54,N/A,1845,9501,97,14475,0x0000000000000004,0.51,121855
21:05:20,299.63,57,N/A,1335,9501,97,14475,0x0000000000000004,0.51,121857
21:05:22,293.38,57,N/A,1830,9501,99,14475,0x0000000000000004,0.55,121861
21:05:24,297.20,60,N/A,1365,9501,100,14507,0x0000000000000004,0.55,121862
21:05:26,295.79,60,N/A,1485,9501,99,14507,0x0000000000000004,0.58,121862
21:05:28,265.92,59,N/A,2745,9501,89,14475,0x0000000000000000,0.58,121858
21:05:30,287.52,62,N/A,1965,9501,95,14475,0x0000000000000004,0.58,121855
21:05:32,288.68,65,N/A,1860,9501,97,14475,0x0000000000000004,0.62,121851
21:05:34,296.89,65,N/A,2310,9501,97,14475,0x0000000000000004,0.62,121855
21:05:36,295.08,65,N/A,1995,9501,97,14475,0x0000000000000004,0.73,121858
21:05:38,296.14,68,N/A,1980,9501,98,14475,0x0000000000000004,0.73,121862
21:05:40,299.51,68,N/A,1515,9501,99,14475,0x0000000000000004,0.75,121856
21:05:42,293.67,68,N/A,1485,9501,97,14507,0x0000000000000004,0.75,121856
21:05:44,293.80,72,N/A,1425,9501,97,14507,0x0000000000000004,0.75,121853
21:05:47,294.09,69,N/A,1590,9501,98,14539,0x0000000000000004,0.77,121837
21:05:49,293.76,70,N/A,1680,9501,99,14539,0x0000000000000004,0.77,121857
21:05:51,296.00,72,N/A,1320,9501,99,14539,0x0000000000000004,0.79,121857
21:05:53,294.93,73,N/A,1245,9501,100,14571,0x0000000000000004,0.79,121859
21:05:55,293.89,74,N/A,1245,9501,100,14571,0x0000000000000004,0.79,121856
21:05:57,296.32,74,N/A,1185,9501,99,14571,0x0000000000000004,0.81,121859
21:05:59,293.67,75,N/A,1155,9501,100,14571,0x0000000000000004,0.81,121857
21:06:01,294.61,75,N/A,1515,9501,99,14571,0x0000000000000004,0.90,121855
21:06:03,299.70,76,N/A,840,9501,99,14571,0x0000000000000004,0.90,121845
21:06:05,292.86,76,N/A,1065,9501,100,14571,0x0000000000000004,0.90,121844
21:06:07,294.75,76,N/A,1140,9501,100,14571,0x0000000000000004,0.91,121841
21:06:09,299.64,76,N/A,1335,9501,99,14571,0x0000000000000004,0.91,121840
21:06:11,290.27,78,N/A,1365,9501,100,14603,0x0000000000000004,0.92,121843
21:06:13,294.67,78,N/A,1485,9501,100,14603,0x0000000000000004,0.92,121850
21:06:15,295.03,77,N/A,1560,9501,100,14603,0x0000000000000004,0.92,121847
21:06:17,295.57,78,N/A,1245,9501,99,14603,0x0000000000000004,0.92,121835
21:06:19,297.17,79,N/A,855,9501,100,14635,0x0000000000000004,0.92,121847
21:06:21,296.56,79,N/A,1035,9501,100,14635,0x0000000000000004,0.93,121850
21:06:23,290.50,79,N/A,1590,9501,100,14635,0x0000000000000004,0.93,121849
21:06:25,294.85,80,N/A,795,9501,100,14635,0x0000000000000004,0.94,121847
21:06:27,298.19,80,N/A,750,9501,100,14635,0x0000000000000004,0.94,121848
21:06:29,299.14,78,N/A,1215,9501,100,14635,0x0000000000000004,0.94,121845
21:06:32,295.72,82,N/A,1035,9501,100,14635,0x0000000000000004,0.94,121850
21:06:34,293.59,81,N/A,1095,9501,100,14635,0x0000000000000004,0.94,121834
21:06:36,296.64,82,N/A,1020,9501,100,14667,0x0000000000000004,0.95,121841
21:06:38,295.20,82,N/A,1185,9501,100,14667,0x0000000000000004,0.95,121847
21:06:40,296.11,83,N/A,1035,9501,100,14667,0x0000000000000004,0.95,121846
21:06:42,294.30,81,N/A,1305,9501,100,14667,0x0000000000000004,0.95,121844
21:06:44,299.24,82,N/A,975,9501,100,14667,0x0000000000000004,0.95,121840
21:06:46,296.30,82,N/A,915,9501,100,14667,0x0000000000000004,0.96,121836
21:06:48,296.88,82,N/A,735,9501,100,14667,0x0000000000000004,0.96,121832
21:06:50,299.13,82,N/A,885,9501,100,14667,0x0000000000000004,0.96,121831
21:06:52,296.10,82,N/A,1380,9501,100,14667,0x0000000000000004,0.96,121832
21:06:54,298.63,84,N/A,930,9501,100,14667,0x0000000000000004,0.96,121837
21:06:56,296.35,82,N/A,1215,9501,100,14667,0x0000000000000004,0.96,121829
21:06:58,297.96,83,N/A,765,9501,100,14667,0x0000000000000004,0.96,121829
21:07:00,298.63,83,N/A,780,9501,100,14699,0x0000000000000004,0.96,121831
21:07:02,293.86,83,N/A,1530,9501,100,14699,0x0000000000000004,0.97,121823
21:07:04,296.37,85,N/A,1020,9501,100,14699,0x0000000000000004,0.97,121829
21:07:06,294.57,83,N/A,1245,9501,100,14699,0x0000000000000004,1.05,121823
21:07:08,297.44,85,N/A,1485,9501,100,14699,0x0000000000000004,1.05,121825
21:07:10,299.72,85,N/A,1005,9501,100,14699,0x0000000000000004,1.05,121821
21:07:12,295.39,84,N/A,1050,9501,100,14699,0x0000000000000004,1.13,121797
21:07:14,299.30,84,N/A,795,9501,100,14699,0x0000000000000004,1.13,121828
21:07:16,299.32,85,N/A,915,9501,100,14699,0x0000000000000004,1.20,121814
21:07:19,297.27,84,N/A,1050,9501,100,14699,0x0000000000000004,1.20,121812
21:07:21,300.93,84,N/A,765,9501,100,14699,0x0000000000000004,1.18,121810
21:07:23,264.73,84,N/A,2580,9501,97,14507,0x0000000000000004,1.18,121793
21:07:25,276.03,82,N/A,2220,9501,97,14507,0x0000000000000004,1.18,121692
21:07:27,284.04,84,N/A,1845,9501,98,14507,0x0000000000000004,1.25,121807
21:07:29,286.94,84,N/A,1935,9501,99,14507,0x0000000000000004,1.25,121811
21:07:31,286.89,86,N/A,1665,9501,99,14507,0x0000000000000004,1.23,121811
21:07:33,288.98,84,N/A,1965,9501,98,14507,0x0000000000000004,1.23,121817
21:07:35,287.69,84,N/A,2055,9501,99,14507,0x0000000000000004,1.23,121815
21:07:37,290.06,85,N/A,1740,9501,99,14507,0x0000000000000004,1.21,121811
21:07:39,293.73,86,N/A,1230,9501,100,14507,0x0000000000000004,1.21,121812
21:07:41,293.26,84,N/A,1500,9501,99,14539,0x0000000000000004,1.19,121815
21:07:43,297.27,85,N/A,1605,9501,100,14539,0x0000000000000004,1.19,121810
21:07:45,294.44,84,N/A,2205,9501,100,14539,0x0000000000000004,1.19,121805
21:07:47,296.94,85,N/A,1485,9501,98,14539,0x0000000000000004,1.26,121794
21:07:49,298.47,85,N/A,1815,9501,98,14539,0x0000000000000004,1.26,121801
21:07:51,297.12,85,N/A,1665,9501,98,14539,0x0000000000000004,1.23,121799
21:07:53,297.49,86,N/A,1410,9501,98,14539,0x0000000000000004,1.23,121803
21:07:55,297.01,85,N/A,1410,9501,99,14539,0x0000000000000004,1.23,121801
21:07:57,297.35,86,N/A,1905,9501,100,14539,0x0000000000000004,1.22,121809
21:07:59,295.39,85,N/A,1695,9501,99,14539,0x0000000000000004,1.22,121807
21:08:01,295.79,85,N/A,1785,9501,100,14539,0x0000000000000004,1.28,121803
21:08:03,296.40,86,N/A,1215,9501,100,14539,0x0000000000000004,1.28,121801
21:08:05,296.62,85,N/A,1410,9501,99,14539,0x0000000000000004,1.26,121803
21:08:08,296.88,86,N/A,1305,9501,100,14539,0x0000000000000004,1.26,121800
21:08:10,294.47,86,N/A,1455,9501,100,14571,0x0000000000000004,1.26,121804
21:08:12,294.55,86,N/A,1470,9501,99,14571,0x0000000000000004,1.32,121802
21:08:14,295.95,86,N/A,1050,9501,99,14571,0x0000000000000004,1.32,121794
21:08:16,294.89,86,N/A,1410,9501,100,14571,0x0000000000000004,1.29,121790
21:08:18,296.10,85,N/A,1335,9501,100,14571,0x0000000000000004,1.29,121789
21:08:20,296.23,86,N/A,975,9501,100,14539,0x0000000000000004,1.29,121801
21:08:22,293.89,86,N/A,1395,9501,100,14571,0x0000000000000004,1.27,121799
21:08:24,292.95,87,N/A,1005,9501,100,14571,0x0000000000000004,1.27,121792
21:08:26,295.80,85,N/A,1200,9501,100,14571,0x0000000000000004,1.25,121791
21:08:28,297.15,85,N/A,1080,9501,100,14571,0x0000000000000004,1.25,121789
21:08:30,294.83,87,N/A,1230,9501,100,14571,0x0000000000000004,1.25,121793
21:08:32,293.27,85,N/A,1530,9501,99,14571,0x0000000000000004,1.23,121794
21:08:34,297.83,85,N/A,1110,9501,100,14603,0x0000000000000004,1.23,121787
21:08:36,299.84,86,N/A,945,9501,100,14603,0x0000000000000004,1.21,121798
21:08:38,298.17,86,N/A,915,9501,100,14571,0x0000000000000004,1.21,121797
21:08:40,298.98,87,N/A,1305,9501,100,14571,0x0000000000000004,1.21,121801
21:08:42,295.90,86,N/A,1155,9501,100,14571,0x0000000000000004,1.19,121798
21:08:44,297.61,85,N/A,1065,9501,100,14603,0x0000000000000004,1.19,121799
21:08:46,296.48,86,N/A,1005,9501,100,14603,0x0000000000000004,1.17,121804
21:08:48,294.28,85,N/A,1485,9501,100,14603,0x0000000000000004,1.17,121801
21:08:50,296.24,84,N/A,1290,9501,99,14603,0x0000000000000004,1.17,121802
21:08:52,297.19,85,N/A,1260,9501,100,14571,0x0000000000000004,1.16,121801
21:08:54,297.67,86,N/A,810,9501,100,14603,0x0000000000000004,1.16,121808
21:08:57,292.55,85,N/A,1635,9501,100,14603,0x0000000000000004,1.15,121805
21:08:59,296.46,85,N/A,1230,9501,100,14603,0x0000000000000004,1.15,121806
21:09:01,274.38,79,N/A,2505,9501,9,13958,0x0000000000000000,1.14,122280
21:09:03,79.84,76,N/A,555,5001,0,13958,0x0000000000000001,1.14,122272
21:09:05,55.70,74,N/A,225,810,0,13958,0x0000000000000001,1.14,122282
21:09:07,45.34,72,N/A,210,405,0,13958,0x0000000000000001,1.04,122279
21:09:09,43.73,71,N/A,210,405,0,13958,0x0000000000000001,1.04,122284
21:09:11,42.88,70,N/A,210,405,0,13958,0x0000000000000001,0.96,122286
21:09:13,41.53,68,N/A,210,405,0,13958,0x0000000000000001,0.96,122287
21:09:15,40.05,67,N/A,210,405,0,13958,0x0000000000000001,0.96,122288
21:09:17,38.44,66,N/A,210,405,0,13958,0x0000000000000001,0.96,122288
21:09:19,37.24,65,N/A,210,405,0,13958,0x0000000000000001,0.96,122278
21:09:21,36.17,64,N/A,210,405,0,13958,0x0000000000000001,0.89,122281
21:09:23,48.55,64,N/A,2505,9501,0,14593,0x0000000000000000,0.89,121889
21:09:25,71.72,64,N/A,2505,9501,14,15745,0x0000000000000000,0.89,121937
21:09:27,71.20,63,N/A,2505,9501,19,17377,0x0000000000000000,0.98,121862
21:09:29,70.89,63,N/A,2505,9501,4,19073,0x0000000000000000,0.98,121951
21:09:31,69.89,62,N/A,2505,9501,14,20769,0x0000000000000000,0.98,121956
21:09:33,69.57,62,N/A,2505,9501,24,22369,0x0000000000000000,0.98,121895
21:09:35,162.69,68,N/A,1605,9501,99,23689,0x0000000000000004,0.98,121674
21:09:37,283.55,70,N/A,2550,9501,90,21289,0x0000000000000004,1.14,121690
21:09:40,86.43,63,N/A,2505,9501,14,15105,0x0000000000000000,1.14,121948
21:09:42,69.54,62,N/A,2505,9501,23,16641,0x0000000000000000,1.13,121988
21:09:44,69.11,62,N/A,2505,9501,10,18273,0x0000000000000000,1.13,121852
21:09:46,68.89,61,N/A,2505,9501,10,20001,0x0000000000000000,1.12,122008
21:09:48,68.55,61,N/A,2505,9501,24,21633,0x0000000000000000,1.12,121879
21:09:50,68.14,60,N/A,2505,9501,21,23233,0x0000000000000000,1.12,121770
21:09:52,294.52,68,N/A,1740,9501,99,24041,0x0000000000000004,1.11,121683
21:09:54,298.64,69,N/A,1875,9501,99,24041,0x0000000000000004,1.11,121681
21:09:56,299.73,71,N/A,1125,9501,99,24041,0x0000000000000004,1.10,121677
21:09:58,256.76,66,N/A,2745,9501,54,13958,0x0000000000000000,1.10,122272
21:10:00,81.34,64,N/A,720,5001,0,13958,0x0000000000000001,1.10,122274
21:10:02,46.62,62,N/A,300,5001,0,13958,0x0000000000000001,1.01,122269
21:10:04,43.88,62,N/A,210,810,0,13958,0x0000000000000001,1.01,122272
21:10:06,35.66,61,N/A,210,405,0,13958,0x0000000000000001,0.93,122272
21:10:08,33.15,60,N/A,210,405,0,13958,0x0000000000000001,0.93,122278
21:10:10,33.23,60,N/A,210,405,0,13958,0x0000000000000001,0.93,122278
21:10:12,33.10,59,N/A,210,405,0,13958,0x0000000000000001,0.86,122280
21:10:14,33.12,59,N/A,210,405,0,13958,0x0000000000000001,0.86,122280
21:10:16,33.01,58,N/A,210,405,0,13958,0x0000000000000001,0.79,122283
21:10:18,32.92,58,N/A,210,405,0,13958,0x0000000000000001,0.79,122282
21:10:20,32.91,57,N/A,210,405,0,13958,0x0000000000000001,0.79,122273
21:10:22,32.90,57,N/A,210,405,0,13958,0x0000000000000001,0.96,122275
21:10:25,32.88,56,N/A,210,405,0,13958,0x0000000000000001,0.96,122272
21:10:27,32.83,56,N/A,210,405,0,13958,0x0000000000000001,0.89,122273
21:10:29,32.80,56,N/A,210,405,0,13958,0x0000000000000001,0.89,122272
21:10:31,32.68,55,N/A,210,405,0,13958,0x0000000000000001,0.81,122271
21:10:33,32.65,55,N/A,210,405,0,13958,0x0000000000000001,0.81,122263
21:10:35,32.66,55,N/A,210,405,0,13958,0x0000000000000001,0.81,122268
21:10:37,32.57,54,N/A,210,405,0,13958,0x0000000000000001,0.75,122269
21:10:39,32.57,54,N/A,210,405,0,13958,0x0000000000000001,0.75,122268
21:10:41,32.56,54,N/A,210,405,0,13958,0x0000000000000001,0.77,122264
21:10:43,32.46,53,N/A,210,405,0,13958,0x0000000000000001,0.77,122260
21:10:45,32.52,53,N/A,210,405,0,13958,0x0000000000000001,0.77,122258
21:10:47,32.42,53,N/A,210,405,0,13958,0x0000000000000001,0.71,122260
21:10:49,32.33,53,N/A,210,405,0,13958,0x0000000000000001,0.71,122257
21:10:51,32.30,52,N/A,210,405,0,13958,0x0000000000000001,0.73,122205
21:10:53,32.45,52,N/A,210,405,0,13958,0x0000000000000001,0.73,121924
21:10:55,32.34,52,N/A,210,405,0,13958,0x0000000000000001,0.73,121773
21:10:57,86.20,53,N/A,2760,9501,92,23009,0x0000000000000000,0.91,121674
21:10:59,81.94,53,N/A,2505,9501,0,23973,0x0000000000000000,0.91,121543
21:11:01,65.44,53,N/A,2505,9501,0,23973,0x0000000000000000,0.92,121530
21:11:03,65.37,53,N/A,2505,9501,0,23973,0x0000000000000000,0.92,121510
21:11:05,65.30,53,N/A,2505,9501,0,23973,0x0000000000000000,0.92,121493
21:11:08,65.31,53,N/A,2505,9501,0,23973,0x0000000000000000,1.09,121450
21:11:10,65.27,53,N/A,2505,9501,0,23973,0x0000000000000000,1.09,121108
21:11:12,65.23,53,N/A,2505,9501,0,23973,0x0000000000000000,1.16,120926
21:11:14,65.20,52,N/A,2505,9501,0,23973,0x0000000000000000,1.16,120921
21:11:16,65.18,52,N/A,2505,9501,0,23973,0x0000000000000000,1.15,120923
21:11:18,50.46,52,N/A,330,810,0,23973,0x0000000000000001,1.15,120894
21:11:20,32.33,51,N/A,210,405,0,23973,0x0000000000000001,1.15,120864
21:11:22,31.89,51,N/A,210,405,0,23973,0x0000000000000001,1.14,120830
21:11:24,31.84,51,N/A,210,405,0,23973,0x0000000000000001,1.14,120804
21:11:26,31.71,50,N/A,210,405,0,23973,0x0000000000000001,1.20,120779
21:11:28,31.52,50,N/A,210,405,0,23973,0x0000000000000001,1.20,120771
21:11:30,31.35,50,N/A,210,405,0,23973,0x0000000000000001,1.20,120768
21:11:32,31.36,50,N/A,210,405,0,23973,0x0000000000000001,1.19,120761
21:11:34,31.47,50,N/A,210,405,0,23973,0x0000000000000001,1.19,120809
21:11:36,44.62,50,N/A,2505,9501,0,23973,0x0000000000000000,1.17,120709
21:11:38,74.83,50,N/A,2505,9501,0,24045,0x0000000000000000,1.17,120531
21:11:40,64.17,50,N/A,2505,9501,0,24045,0x0000000000000000,1.17,120527
21:11:42,64.39,50,N/A,2505,9501,0,24045,0x0000000000000000,1.16,120528
21:11:44,64.49,50,N/A,2505,9501,0,24045,0x0000000000000000,1.16,120517
21:11:46,64.47,50,N/A,2505,9501,0,24045,0x0000000000000000,1.15,120509
21:11:48,64.52,50,N/A,2505,9501,0,24045,0x0000000000000000,1.15,120512
21:11:50,64.44,50,N/A,2505,9501,0,24045,0x0000000000000000,1.15,120510
21:11:52,64.48,50,N/A,2505,9501,0,24045,0x0000000000000000,1.13,120510
21:11:55,64.42,50,N/A,2505,9501,0,24045,0x0000000000000001,1.13,120503
21:11:57,31.54,49,N/A,240,405,0,24045,0x0000000000000001,1.12,120483
21:11:59,30.47,49,N/A,210,405,0,24045,0x0000000000000001,1.12,120460
21:12:01,30.67,48,N/A,210,405,0,24045,0x0000000000000001,1.11,120428
21:12:03,30.85,48,N/A,210,405,0,24045,0x0000000000000001,1.11,120406
21:12:05,30.44,48,N/A,210,405,0,24045,0x0000000000000001,1.11,120374
21:12:07,30.46,48,N/A,210,405,0,24045,0x0000000000000001,1.10,120342
21:12:09,30.09,48,N/A,210,405,0,24045,0x0000000000000001,1.10,120382
21:12:11,30.09,47,N/A,210,405,0,24045,0x0000000000000001,1.10,120384
21:12:13,29.76,47,N/A,210,405,0,24045,0x0000000000000001,1.10,120382
21:12:15,29.93,47,N/A,210,405,0,24045,0x0000000000000001,1.10,120391
21:12:17,29.72,47,N/A,210,405,0,24045,0x0000000000000001,1.09,120359
21:12:19,298.91,56,N/A,1245,9501,100,24659,0x0000000000000004,1.09,120298
21:12:21,297.13,58,N/A,1245,9501,88,25213,0x0000000000000004,1.08,120279
21:12:23,296.65,59,N/A,1335,9501,100,25267,0x0000000000000004,1.08,120252
21:12:25,298.61,61,N/A,1215,9501,100,25787,0x0000000000000004,1.08,120238
21:12:27,297.11,62,N/A,1215,9501,100,26043,0x0000000000000004,1.07,120208
21:12:29,298.68,63,N/A,1110,9501,100,26461,0x0000000000000004,1.07,120204
21:12:31,293.72,64,N/A,1260,9501,100,26321,0x0000000000000004,1.15,120181
21:12:33,299.46,65,N/A,1200,9501,100,26713,0x0000000000000004,1.15,120173
21:12:35,299.39,67,N/A,1125,9501,100,27247,0x0000000000000004,1.15,120168
21:12:37,294.70,68,N/A,1245,9501,88,27135,0x0000000000000004,1.14,120146
21:12:39,299.52,69,N/A,1200,9501,100,27421,0x0000000000000004,1.14,120135
21:12:42,298.65,70,N/A,1185,9501,100,27209,0x0000000000000004,1.12,120113
21:12:44,298.03,71,N/A,1335,9501,100,26903,0x0000000000000004,1.12,120094
21:12:46,298.46,72,N/A,1185,9501,100,27355,0x0000000000000004,1.11,120082
21:12:48,299.64,72,N/A,1095,9501,100,27807,0x0000000000000004,1.11,120075
21:12:50,299.18,74,N/A,1275,9501,100,27241,0x0000000000000004,1.11,120063
21:12:52,298.82,74,N/A,1125,9501,100,28073,0x0000000000000004,1.10,120055
21:12:54,299.45,75,N/A,1125,9501,100,28073,0x0000000000000004,1.10,120056
21:12:56,299.19,75,N/A,1185,9501,100,27423,0x0000000000000004,1.10,120034
21:12:58,299.40,76,N/A,1185,9501,100,27805,0x0000000000000004,1.10,120034
21:13:00,299.01,77,N/A,1185,9501,100,27583,0x0000000000000004,1.10,120017
21:13:02,300.08,77,N/A,1155,9501,100,28091,0x0000000000000004,1.09,120012
21:13:04,298.51,78,N/A,1245,9501,100,27317,0x0000000000000004,1.09,120004
21:13:06,299.26,78,N/A,1155,9501,100,27781,0x0000000000000004,1.08,119988
21:13:08,299.54,78,N/A,1140,9501,100,28453,0x0000000000000004,1.08,119984
21:13:10,296.37,79,N/A,1350,9501,100,27523,0x0000000000000004,1.08,119976
21:13:12,299.02,79,N/A,1245,9501,100,28205,0x0000000000000004,1.07,119965
21:13:14,297.98,80,N/A,1395,9501,100,27761,0x0000000000000004,1.07,119963
21:13:16,299.42,80,N/A,1260,9501,100,28189,0x0000000000000004,1.07,119950
21:13:18,299.55,80,N/A,1170,9501,100,29005,0x0000000000000004,1.07,119949
21:13:20,292.91,79,N/A,1005,9501,75,27911,0x0000000000000004,1.07,119912
21:13:22,295.92,81,N/A,1005,9501,91,27919,0x0000000000000004,1.06,119886
21:13:24,299.98,81,N/A,990,9501,89,27919,0x0000000000000004,1.06,119896
21:13:27,299.72,79,N/A,1395,9501,100,27919,0x0000000000000004,1.06,119895
21:13:29,296.76,82,N/A,945,9501,100,27953,0x0000000000000004,1.06,119894
21:13:31,297.25,82,N/A,945,9501,100,27953,0x0000000000000004,1.05,119896
21:13:33,296.37,82,N/A,945,9501,100,27953,0x0000000000000004,1.05,119893
21:13:35,299.87,83,N/A,945,9501,100,27953,0x0000000000000004,1.05,119892
21:13:37,170.41,76,N/A,2730,9501,0,27953,0x0000000000000000,1.21,120190
21:13:39,103.76,74,N/A,2505,9501,0,27953,0x0000000000000000,1.21,120572
21:13:41,103.64,73,N/A,2730,9501,0,15169,0x0000000000000000,1.27,122030
21:13:43,78.46,71,N/A,2505,9501,23,16801,0x0000000000000000,1.27,121884
21:13:45,77.93,70,N/A,2505,9501,10,18497,0x0000000000000000,1.27,121952
21:13:47,77.74,69,N/A,2505,9501,23,20161,0x0000000000000000,1.25,121917
21:13:49,77.51,68,N/A,2505,9501,15,21793,0x0000000000000000,1.25,121835
21:13:51,77.04,67,N/A,2505,9501,0,23521,0x0000000000000000,1.23,121943
21:13:53,297.40,75,N/A,1485,9501,98,23753,0x0000000000000004,1.23,121671
21:13:55,296.14,76,N/A,1725,9501,100,23945,0x0000000000000004,1.23,121676
21:13:57,292.31,78,N/A,1740,9501,100,23945,0x0000000000000004,1.21,121686
21:13:59,290.78,78,N/A,1725,9501,100,23945,0x0000000000000004,1.21,121682
21:14:01,100.70,70,N/A,2730,9501,0,13958,0x0000000000000000,1.11,122265
21:14:03,71.47,68,N/A,465,5001,0,13958,0x0000000000000001,1.11,122261
21:14:05,51.29,66,N/A,210,810,0,13958,0x0000000000000001,1.11,122250
21:14:07,43.05,65,N/A,210,405,0,13958,0x0000000000000001,1.02,122275
21:14:09,35.90,64,N/A,210,405,0,13958,0x0000000000000001,1.02,122269
21:14:12,34.99,63,N/A,210,405,0,13958,0x0000000000000001,0.94,122271
21:14:14,34.45,62,N/A,210,405,0,13958,0x0000000000000001,0.94,122272
21:14:16,33.90,62,N/A,210,405,0,13958,0x0000000000000001,0.94,122269
21:14:18,33.62,61,N/A,210,405,0,13958,0x0000000000000001,0.87,122264
21:14:20,33.37,60,N/A,210,405,0,13958,0x0000000000000001,0.87,122262
21:14:22,33.27,60,N/A,210,405,0,13958,0x0000000000000001,0.80,122252
21:14:24,33.15,59,N/A,210,405,0,13958,0x0000000000000001,0.80,122241
21:14:26,33.04,58,N/A,210,405,0,13958,0x0000000000000001,0.73,122257
21:14:28,33.02,58,N/A,210,405,0,13958,0x0000000000000001,0.73,122256
21:14:30,32.82,57,N/A,210,405,0,13958,0x0000000000000001,0.73,122254
21:14:32,32.79,57,N/A,210,405,0,13958,0x0000000000000001,0.67,122253
21:14:34,32.76,56,N/A,210,405,0,13958,0x0000000000000001,0.67,122192
21:14:36,32.70,56,N/A,210,405,0,13958,0x0000000000000001,0.62,122142
21:14:38,32.70,56,N/A,210,405,0,13958,0x0000000000000001,0.62,122082
21:14:40,32.62,55,N/A,210,405,0,13958,0x0000000000000001,0.62,122059
21:14:42,32.68,55,N/A,210,405,0,13958,0x0000000000000001,0.65,122007
21:14:44,32.64,55,N/A,210,405,0,13958,0x0000000000000001,0.65,121887
21:14:46,32.62,54,N/A,210,405,0,13958,0x0000000000000001,0.68,121882
21:14:48,32.51,54,N/A,210,405,0,13958,0x0000000000000001,0.68,122049
21:14:50,32.53,54,N/A,210,405,0,13958,0x0000000000000001,0.68,122017
21:14:53,32.48,53,N/A,210,405,0,13958,0x0000000000000001,1.10,122027
21:14:55,32.35,53,N/A,210,405,0,13958,0x0000000000000001,1.10,121395
21:14:57,32.42,53,N/A,210,405,0,13958,0x0000000000000001,1.26,120807
21:14:59,32.26,53,N/A,210,405,0,13958,0x0000000000000001,1.26,120111
21:15:01,32.20,52,N/A,210,405,0,13958,0x0000000000000001,5.08,119703
21:15:03,32.24,52,N/A,210,405,0,13958,0x0000000000000001,5.08,119228
21:15:05,32.23,52,N/A,210,405,0,13958,0x0000000000000001,5.08,118991
21:15:07,32.04,52,N/A,210,405,0,13958,0x0000000000000001,4.75,118787
21:15:09,32.12,51,N/A,210,405,0,13958,0x0000000000000001,4.75,118775
21:15:11,32.09,51,N/A,210,405,0,13958,0x0000000000000001,4.53,118728
21:15:13,31.83,51,N/A,210,405,0,13958,0x0000000000000001,4.53,118582
21:15:15,31.67,51,N/A,210,405,0,13958,0x0000000000000001,4.53,118554
21:15:17,31.90,50,N/A,210,405,0,13958,0x0000000000000001,4.33,118524
21:15:19,31.57,50,N/A,210,405,0,13958,0x0000000000000001,4.33,118399
21:15:21,31.37,50,N/A,210,405,0,13958,0x0000000000000001,4.46,118353
21:15:23,31.42,50,N/A,210,405,0,13958,0x0000000000000001,4.46,118257
21:15:25,31.32,50,N/A,210,405,0,13958,0x0000000000000001,4.46,118144
21:15:27,31.31,49,N/A,210,405,0,13958,0x0000000000000001,4.27,118193
21:15:30,30.74,49,N/A,210,405,0,13958,0x0000000000000001,4.27,117559
21:15:32,30.81,49,N/A,210,405,0,13958,0x0000000000000001,4.00,117463
21:15:34,30.66,49,N/A,210,405,0,13958,0x0000000000000001,4.00,117089
21:15:36,29.99,49,N/A,210,405,0,13958,0x0000000000000001,4.00,116829
21:15:38,30.06,48,N/A,210,405,0,13958,0x0000000000000001,8.01,115994
21:15:40,30.37,48,N/A,210,405,0,13958,0x0000000000000001,8.01,115138
21:15:42,29.94,48,N/A,210,405,0,13958,0x0000000000000001,12.17,114726
21:15:44,29.94,48,N/A,210,405,0,13958,0x0000000000000001,12.17,114545
21:15:46,30.22,48,N/A,210,405,0,13958,0x0000000000000001,15.20,113814
21:15:48,29.45,47,N/A,210,405,0,13958,0x0000000000000001,15.20,113115
21:15:50,29.98,47,N/A,210,405,0,13958,0x0000000000000001,15.20,111885
21:15:52,29.56,47,N/A,210,405,0,13958,0x0000000000000001,14.06,112487
21:15:54,29.20,47,N/A,210,405,0,13958,0x0000000000000001,14.06,113078
21:15:56,28.99,47,N/A,210,405,0,13958,0x0000000000000001,13.10,113408
21:15:58,28.77,46,N/A,210,405,0,13958,0x0000000000000001,13.10,113712
21:16:00,28.76,46,N/A,210,405,0,13958,0x0000000000000001,13.10,113813
21:16:02,28.48,46,N/A,210,405,0,13958,0x0000000000000001,12.37,113550
21:16:04,28.16,46,N/A,210,405,0,13958,0x0000000000000001,12.37,113664
21:16:06,28.13,46,N/A,210,405,0,13958,0x0000000000000001,11.54,113581
21:16:08,28.76,46,N/A,210,405,0,13958,0x0000000000000001,11.54,113713
21:16:10,27.72,45,N/A,210,405,0,13958,0x0000000000000001,11.54,113708
21:16:12,27.98,45,N/A,210,405,0,13958,0x0000000000000001,10.85,113710
21:16:14,27.82,45,N/A,210,405,0,13958,0x0000000000000001,10.85,113714
21:16:16,62.13,46,N/A,2505,9501,14,15105,0x0000000000000000,10.22,113397
21:16:19,62.61,46,N/A,2505,9501,6,16321,0x0000000000000000,10.22,113471
21:16:21,62.28,46,N/A,2505,9501,1,17217,0x0000000000000000,10.22,113320
21:16:23,62.44,46,N/A,2505,9501,21,18561,0x0000000000000000,9.73,113329
21:16:25,62.35,46,N/A,2505,9501,10,20161,0x0000000000000000,9.73,113354
21:16:27,62.41,46,N/A,2505,9501,14,21793,0x0000000000000000,9.19,113492
21:16:29,62.48,46,N/A,2505,9501,7,23105,0x0000000000000000,9.19,110980
21:16:31,236.16,54,N/A,1965,9501,96,23689,0x0000000000000004,9.19,113554
21:16:33,287.74,56,N/A,1755,9501,96,23753,0x0000000000000004,9.65,120629
21:16:35,291.33,58,N/A,1845,9501,99,23753,0x0000000000000004,9.65,120484
21:16:37,291.33,59,N/A,1680,9501,97,23753,0x0000000000000004,9.60,120851
21:16:39,291.19,60,N/A,1575,9501,97,23753,0x0000000000000004,9.60,121184
21:16:41,291.52,61,N/A,1665,9501,97,23785,0x0000000000000004,9.07,121249
21:16:43,295.03,62,N/A,1590,9501,96,23785,0x0000000000000004,9.07,120942
21:16:45,294.18,64,N/A,1590,9501,99,23785,0x0000000000000004,9.07,121173
21:16:47,294.69,65,N/A,1575,9501,97,23785,0x0000000000000004,8.50,121235
21:16:49,294.49,67,N/A,1605,9501,97,23785,0x0000000000000004,8.50,121215
21:16:51,294.80,68,N/A,1620,9501,95,23785,0x0000000000000004,9.19,119413
21:16:53,294.61,68,N/A,1620,9501,100,23785,0x0000000000000004,9.19,119916
21:16:55,290.65,70,N/A,1650,9501,88,23881,0x0000000000000004,9.19,119585
21:16:57,292.86,71,N/A,1635,9501,100,23881,0x0000000000000004,9.65,119793
21:16:59,294.67,72,N/A,1605,9501,100,23881,0x0000000000000004,9.65,119704
21:17:01,293.04,73,N/A,1620,9501,100,23913,0x0000000000000004,9.92,119739
21:17:03,293.66,73,N/A,1560,9501,100,23913,0x0000000000000004,9.92,119675
21:17:06,292.51,74,N/A,1650,9501,99,23913,0x0000000000000004,9.92,119233
21:17:08,293.37,75,N/A,1695,9501,100,23913,0x0000000000000004,10.17,119242
21:17:10,293.77,76,N/A,1500,9501,100,23913,0x0000000000000004,10.17,119091
21:17:12,295.41,76,N/A,1590,9501,100,23913,0x0000000000000004,10.31,119430
21:17:14,295.02,77,N/A,1575,9501,100,23913,0x0000000000000004,10.31,119943
21:17:16,297.19,76,N/A,1650,9501,100,23913,0x0000000000000004,10.31,120326
21:17:18,294.10,78,N/A,1605,9501,99,23913,0x0000000000000004,10.05,121122
21:17:20,292.28,78,N/A,1560,9501,100,23913,0x0000000000000004,10.05,121163
21:17:22,292.18,78,N/A,1560,9501,100,23913,0x0000000000000004,9.40,121122
21:17:24,292.95,79,N/A,1575,9501,100,23913,0x0000000000000004,9.40,121208
21:17:26,293.77,80,N/A,1500,9501,100,24233,0x0000000000000004,8.97,121058
21:17:28,285.53,79,N/A,2070,9501,85,24233,0x0000000000000004,8.97,121161
21:17:30,281.50,81,N/A,765,9501,72,24105,0x0000000000000004,8.97,121259
21:17:32,287.93,81,N/A,1485,9501,100,24233,0x0000000000000004,8.65,121236
21:17:34,288.07,80,N/A,1575,9501,100,24233,0x0000000000000004,8.65,121210
21:17:36,288.26,80,N/A,1425,9501,100,24233,0x0000000000000004,8.20,121326
21:17:38,287.85,81,N/A,1425,9501,100,24233,0x0000000000000004,8.20,120985
21:17:40,288.03,81,N/A,1410,9501,100,24265,0x0000000000000004,8.20,120096
21:17:42,285.54,81,N/A,1620,9501,100,24265,0x0000000000000004,9.31,119503
21:17:45,287.88,81,N/A,2025,9501,85,24265,0x0000000000000004,9.31,118985
21:17:47,278.58,82,N/A,1470,9501,64,24265,0x0000000000000004,10.64,118612
21:17:49,286.68,81,N/A,1425,9501,88,24265,0x0000000000000004,10.64,118360
21:17:51,284.37,82,N/A,1545,9501,51,24265,0x0000000000000004,10.64,118234
21:17:53,287.54,82,N/A,1395,9501,100,24265,0x0000000000000004,9.95,118220
21:17:55,288.76,83,N/A,1440,9501,100,24265,0x0000000000000004,9.95,118193
21:17:57,286.03,83,N/A,1395,9501,100,24265,0x0000000000000004,13.56,117991
21:17:59,289.35,82,N/A,1395,9501,100,24265,0x0000000000000004,13.56,117976
21:18:01,289.33,83,N/A,1245,9501,100,24265,0x0000000000000004,12.87,117854
21:18:03,284.38,83,N/A,1335,9501,100,24265,0x0000000000000004,12.87,117838
21:18:05,287.13,83,N/A,1470,9501,100,24265,0x0000000000000004,12.87,117778
21:18:07,288.17,83,N/A,1470,9501,100,24265,0x0000000000000004,12.24,117620
21:18:09,290.25,84,N/A,1470,9501,100,24265,0x0000000000000004,12.24,117535
21:18:11,288.23,83,N/A,1440,9501,100,24265,0x0000000000000004,15.27,117579
21:18:13,286.39,83,N/A,1395,9501,100,24265,0x0000000000000004,15.27,117216
21:18:15,283.52,83,N/A,1455,9501,100,24265,0x0000000000000004,15.27,116815
21:18:17,289.31,83,N/A,1380,9501,100,24265,0x0000000000000004,15.56,116692
21:18:19,286.80,83,N/A,1440,9501,100,24265,0x0000000000000004,15.56,116168
21:18:21,286.33,84,N/A,1410,9501,100,24265,0x0000000000000004,18.72,115491
21:18:23,286.63,83,N/A,1425,9501,100,24265,0x0000000000000004,18.72,114987
21:18:25,288.64,83,N/A,1350,9501,100,24265,0x0000000000000004,18.72,114681
21:18:27,108.80,76,N/A,2730,9501,0,13958,0x0000000000000000,20.35,115172
21:18:29,76.20,73,N/A,375,5001,0,13958,0x0000000000000001,20.35,115029
21:18:32,49.53,72,N/A,210,810,0,13958,0x0000000000000001,24.00,114491
21:18:34,42.60,70,N/A,210,405,0,13958,0x0000000000000001,24.00,113372
21:18:36,41.41,69,N/A,210,405,0,13958,0x0000000000000001,24.00,112898
21:18:38,40.17,68,N/A,210,405,0,13958,0x0000000000000001,22.16,112227
21:18:40,38.65,67,N/A,210,405,0,13958,0x0000000000000001,22.16,112142
21:18:42,36.96,66,N/A,210,405,0,13958,0x0000000000000001,20.47,112123
21:18:44,36.13,65,N/A,210,405,0,13958,0x0000000000000001,20.47,112250
21:18:46,34.99,64,N/A,210,405,0,13958,0x0000000000000001,20.47,112206
21:18:48,34.24,63,N/A,210,405,0,13958,0x0000000000000001,19.07,112104
21:18:50,34.01,62,N/A,210,405,0,13958,0x0000000000000001,19.07,112227
21:18:52,33.53,61,N/A,210,405,0,13958,0x0000000000000001,17.78,112246
21:18:54,33.38,61,N/A,210,405,0,13958,0x0000000000000001,17.78,112239
21:18:56,33.18,60,N/A,210,405,0,13958,0x0000000000000001,16.52,112234
21:18:58,33.10,59,N/A,210,405,0,13958,0x0000000000000001,16.52,112235
21:19:00,33.05,59,N/A,210,405,0,13958,0x0000000000000001,16.52,112240
21:19:02,32.99,58,N/A,210,405,0,13958,0x0000000000000001,15.43,112239
21:19:04,32.89,58,N/A,210,405,0,13958,0x0000000000000001,15.43,112232
21:19:06,32.89,57,N/A,210,405,0,13958,0x0000000000000001,14.36,112239
21:19:08,32.88,57,N/A,210,405,0,13958,0x0000000000000001,14.36,112257
21:19:10,32.84,56,N/A,210,405,0,13958,0x0000000000000001,14.36,112265
21:19:12,32.79,56,N/A,210,405,0,13958,0x0000000000000001,13.29,112266
21:19:14,32.75,56,N/A,210,405,0,13958,0x0000000000000001,13.29,112280
21:19:17,32.68,55,N/A,210,405,0,13958,0x0000000000000001,15.59,113312
21:19:19,32.72,55,N/A,210,405,0,13958,0x0000000000000001,15.59,122006
21:19:21,32.65,55,N/A,210,405,0,13958,0x0000000000000001,15.59,122004
21:19:23,32.62,54,N/A,210,405,0,13958,0x0000000000000001,14.34,122106
21:19:25,32.53,54,N/A,210,405,0,13958,0x0000000000000001,14.34,122041
21:19:27,32.56,54,N/A,210,405,0,13958,0x0000000000000001,13.35,122001
21:19:29,32.54,53,N/A,210,405,0,13958,0x0000000000000001,13.35,122001
21:19:31,32.45,53,N/A,210,405,0,13958,0x0000000000000001,13.35,121999
21:19:33,32.28,53,N/A,210,405,0,13958,0x0000000000000001,12.36,121999
21:19:35,32.30,53,N/A,210,405,0,13958,0x0000000000000001,12.36,121998
21:19:37,32.28,52,N/A,210,405,0,13958,0x0000000000000001,11.37,122000
21:19:39,32.23,52,N/A,210,405,0,13958,0x0000000000000001,11.37,122001
21:19:41,32.26,52,N/A,210,405,0,13958,0x0000000000000001,10.46,122093
21:19:43,32.00,52,N/A,210,405,0,13958,0x0000000000000001,10.46,122096
21:19:45,31.93,51,N/A,210,405,0,13958,0x0000000000000001,10.46,122093
21:19:47,31.83,51,N/A,210,405,0,13958,0x0000000000000001,9.62,122092
21:19:49,32.06,51,N/A,210,405,0,13958,0x0000000000000001,9.62,122090
21:19:51,31.98,51,N/A,210,405,0,13958,0x0000000000000001,8.85,122086
21:19:53,31.76,51,N/A,210,405,0,13958,0x0000000000000001,8.85,122089
21:19:55,31.51,50,N/A,210,405,0,13958,0x0000000000000001,8.85,122089
21:19:58,31.49,50,N/A,210,405,0,13958,0x0000000000000001,8.14,122097
21:20:00,31.53,50,N/A,210,405,0,13958,0x0000000000000001,8.14,122099
21:20:02,31.47,50,N/A,210,405,0,13958,0x0000000000000001,7.49,122097
21:20:04,31.47,49,N/A,210,405,0,13958,0x0000000000000001,7.49,122095
21:20:06,31.45,49,N/A,210,405,0,13958,0x0000000000000001,7.49,122090
21:20:08,31.47,49,N/A,210,405,0,13958,0x0000000000000001,6.97,122096
21:20:10,31.19,49,N/A,210,405,0,13958,0x0000000000000001,6.97,122093
21:20:12,30.97,49,N/A,210,405,0,13958,0x0000000000000001,6.41,122093
21:20:14,30.72,49,N/A,210,405,0,13958,0x0000000000000001,6.41,122091
21:20:16,30.39,48,N/A,210,405,0,13958,0x0000000000000001,6.41,122090
21:20:18,30.38,48,N/A,210,405,0,13958,0x0000000000000001,5.98,122091
21:20:20,30.09,48,N/A,210,405,0,13958,0x0000000000000001,5.98,122090
21:20:22,30.28,48,N/A,210,405,0,13958,0x0000000000000001,5.50,122089
21:20:24,30.35,47,N/A,210,405,0,13958,0x0000000000000001,5.50,122091
21:20:26,30.21,47,N/A,210,405,0,13958,0x0000000000000001,5.06,122090
21:20:28,29.40,47,N/A,210,405,0,13958,0x0000000000000001,5.06,122094
21:20:30,28.98,47,N/A,210,405,0,13958,0x0000000000000001,5.06,122098
21:20:32,28.53,47,N/A,210,405,0,13958,0x0000000000000001,4.65,122098
21:20:34,29.02,47,N/A,210,405,0,13958,0x0000000000000001,4.65,122096
21:20:36,28.61,46,N/A,210,405,0,13958,0x0000000000000001,4.36,122083
21:20:38,28.35,46,N/A,210,405,0,13958,0x0000000000000001,4.36,122089
21:20:41,28.19,46,N/A,210,405,0,13958,0x0000000000000001,4.36,122088
21:20:43,28.03,46,N/A,210,405,0,13958,0x0000000000000001,4.09,122087
21:20:45,27.77,46,N/A,210,405,0,13958,0x0000000000000001,4.09,122087
21:20:47,27.41,46,N/A,210,405,0,13958,0x0000000000000001,3.76,122088
21:20:49,27.20,45,N/A,210,405,0,13958,0x0000000000000001,3.76,122088
21:20:51,27.23,45,N/A,210,405,0,13958,0x0000000000000001,3.76,122091
21:20:53,26.76,45,N/A,210,405,0,13958,0x0000000000000001,3.46,122096
21:20:55,26.85,45,N/A,210,405,0,13958,0x0000000000000001,3.46,122088
21:20:57,26.79,45,N/A,210,405,0,13958,0x0000000000000001,3.18,122086
21:20:59,26.80,45,N/A,210,405,0,13958,0x0000000000000001,3.18,122086
21:21:01,27.31,45,N/A,210,405,0,13958,0x0000000000000001,2.93,122100
21:21:03,26.58,44,N/A,210,405,0,13958,0x0000000000000001,2.93,122104
21:21:05,26.21,44,N/A,210,405,0,13958,0x0000000000000001,2.93,122106
21:21:07,25.89,44,N/A,210,405,0,13958,0x0000000000000001,3.01,122097
21:21:09,25.79,44,N/A,210,405,0,13958,0x0000000000000001,3.01,122102
21:21:11,25.73,44,N/A,210,405,0,13958,0x0000000000000001,2.85,122100
21:21:13,25.08,44,N/A,210,405,0,13958,0x0000000000000001,2.85,122100
21:21:15,25.00,44,N/A,210,405,0,13958,0x0000000000000001,2.85,122092
21:21:17,24.74,43,N/A,210,405,0,13958,0x0000000000000001,2.62,122106
21:21:19,25.08,43,N/A,210,405,0,13958,0x0000000000000001,2.62,122104
21:21:21,24.84,43,N/A,210,405,0,13958,0x0000000000000001,2.41,122102
21:21:24,25.14,43,N/A,210,405,0,13958,0x0000000000000001,2.41,122107
21:21:26,25.39,43,N/A,210,405,0,13958,0x0000000000000001,2.41,122103
21:21:28,25.27,43,N/A,210,405,0,13958,0x0000000000000001,2.22,122101
21:21:30,25.06,43,N/A,210,405,0,13958,0x0000000000000001,2.22,122102
21:21:32,24.76,43,N/A,210,405,0,13958,0x0000000000000001,2.04,122112
21:21:34,24.72,42,N/A,210,405,0,13958,0x0000000000000001,2.04,122111
21:21:36,25.03,42,N/A,210,405,0,13958,0x0000000000000001,2.04,122110
21:21:38,24.80,42,N/A,210,405,0,13958,0x0000000000000001,2.12,122097
21:21:40,24.60,42,N/A,210,405,0,13958,0x0000000000000001,2.12,122099
21:21:42,24.72,42,N/A,210,405,0,13958,0x0000000000000001,1.95,122097
21:21:44,24.31,42,N/A,210,405,0,13958,0x0000000000000001,1.95,122101
21:21:46,24.20,42,N/A,210,405,0,13958,0x0000000000000001,1.87,122094
21:21:48,23.99,42,N/A,210,405,0,13958,0x0000000000000001,1.87,122090
21:21:50,24.73,42,N/A,210,405,0,13958,0x0000000000000001,1.87,122091
21:21:52,23.97,42,N/A,210,405,0,13958,0x0000000000000001,1.96,121969
21:21:54,24.26,41,N/A,210,405,0,13958,0x0000000000000001,1.96,121825
21:21:56,24.00,41,N/A,210,405,0,13958,0x0000000000000001,1.89,122267
21:21:58,24.02,41,N/A,210,405,0,13958,0x0000000000000001,1.89,122074
21:22:00,24.07,41,N/A,210,405,0,13958,0x0000000000000001,1.89,122148
21:22:02,24.22,41,N/A,210,405,0,13958,0x0000000000000001,2.14,121813
21:22:04,24.23,41,N/A,210,405,0,13958,0x0000000000000001,2.14,121916
21:22:07,24.26,41,N/A,210,405,0,13958,0x0000000000000001,2.12,122043
21:22:09,23.83,41,N/A,210,405,0,13958,0x0000000000000001,2.12,122041
21:22:11,23.68,41,N/A,210,405,0,13958,0x0000000000000001,2.12,122035
21:22:13,23.88,41,N/A,210,405,0,13958,0x0000000000000001,1.95,122033
21:22:15,23.39,40,N/A,210,405,0,13958,0x0000000000000001,1.95,122033
21:22:17,23.31,40,N/A,210,405,0,13958,0x0000000000000001,2.20,122032
21:22:19,23.35,40,N/A,210,405,0,13958,0x0000000000000001,2.20,122030
21:22:21,23.48,40,N/A,210,405,0,13958,0x0000000000000001,2.20,122034
21:22:23,23.48,40,N/A,210,405,0,13958,0x0000000000000001,2.02,122031
21:22:25,23.20,40,N/A,210,405,0,13958,0x0000000000000001,2.02,122035
21:22:27,23.50,40,N/A,210,405,0,13958,0x0000000000000001,1.86,122041
21:22:29,23.22,40,N/A,210,405,0,13958,0x0000000000000001,1.86,122035
21:22:31,23.02,40,N/A,210,405,0,13958,0x0000000000000001,1.87,122022
21:22:33,23.41,40,N/A,210,405,0,13958,0x0000000000000001,1.87,122037
21:22:35,22.87,40,N/A,210,405,0,13958,0x0000000000000001,1.87,122041
21:22:37,22.85,40,N/A,210,405,0,13958,0x0000000000000001,1.72,122043
21:22:39,23.17,40,N/A,210,405,0,13958,0x0000000000000001,1.72,122043
21:22:41,22.74,39,N/A,210,405,0,13958,0x0000000000000001,1.66,122041
21:22:43,23.09,39,N/A,210,405,0,13958,0x0000000000000001,1.66,122041
21:22:45,23.03,39,N/A,210,405,0,13958,0x0000000000000001,1.66,122043
21:22:47,23.19,39,N/A,210,405,0,13958,0x0000000000000001,1.53,122043
21:22:50,22.98,39,N/A,210,405,0,13958,0x0000000000000001,1.53,122045
21:22:52,23.21,39,N/A,210,405,0,13958,0x0000000000000001,1.41,122050
21:22:54,23.05,39,N/A,210,405,0,13958,0x0000000000000001,1.41,122051
21:22:56,22.81,39,N/A,210,405,0,13958,0x0000000000000001,1.41,122049
21:22:58,23.11,39,N/A,210,405,0,13958,0x0000000000000001,1.29,122048
21:23:00,23.04,39,N/A,210,405,0,13958,0x0000000000000001,1.29,122046
21:23:02,22.85,39,N/A,210,405,0,13958,0x0000000000000001,1.35,122048
21:23:04,22.77,39,N/A,210,405,0,13958,0x0000000000000001,1.35,122044
21:23:06,22.55,39,N/A,210,405,0,13958,0x0000000000000001,1.35,122045
21:23:08,22.57,39,N/A,210,405,0,13958,0x0000000000000001,1.24,122038
21:23:10,22.63,39,N/A,210,405,0,13958,0x0000000000000001,1.24,122038
21:23:12,22.86,38,N/A,210,405,0,13958,0x0000000000000001,1.14,122038
21:23:14,22.73,38,N/A,210,405,0,13958,0x0000000000000001,1.14,122035
21:23:16,23.08,38,N/A,210,405,0,13958,0x0000000000000001,1.05,122034
21:23:18,22.84,38,N/A,210,405,0,13958,0x0000000000000001,1.05,122041
21:23:20,22.61,38,N/A,210,405,0,13958,0x0000000000000001,1.05,122042
21:23:22,22.81,38,N/A,210,405,0,13958,0x0000000000000001,1.05,122041
21:23:24,22.70,38,N/A,210,405,0,13958,0x0000000000000001,1.05,122040
21:23:26,22.77,38,N/A,210,405,0,13958,0x0000000000000001,0.96,122038
21:23:28,22.80,38,N/A,210,405,0,13958,0x0000000000000001,0.96,122038
21:23:31,22.84,38,N/A,210,405,0,13958,0x0000000000000001,0.96,122036
21:23:33,22.75,38,N/A,210,405,0,13958,0x0000000000000001,0.89,122047
21:23:35,22.73,38,N/A,210,405,0,13958,0x0000000000000001,0.89,122050
21:23:37,22.72,38,N/A,210,405,0,13958,0x0000000000000001,0.81,122093
21:23:39,22.79,38,N/A,210,405,0,13958,0x0000000000000001,0.81,122091
21:23:41,22.87,38,N/A,210,405,0,13958,0x0000000000000001,0.81,122091
21:23:43,22.77,38,N/A,210,405,0,13958,0x0000000000000001,0.75,122089
21:23:45,23.10,38,N/A,210,405,0,13958,0x0000000000000001,0.75,122094
21:23:47,22.74,38,N/A,210,405,0,13958,0x0000000000000001,0.69,122092
21:23:49,22.74,38,N/A,210,405,0,13958,0x0000000000000001,0.69,122093
21:23:51,22.83,38,N/A,210,405,0,13958,0x0000000000000001,0.69,122092
21:23:53,22.99,37,N/A,210,405,0,13958,0x0000000000000001,0.71,122097
21:23:55,22.99,37,N/A,210,405,0,13958,0x0000000000000001,0.71,122106
21:23:57,22.95,37,N/A,210,405,0,13958,0x0000000000000001,0.66,122105
21:23:59,23.03,37,N/A,210,405,0,13958,0x0000000000000001,0.66,122105
21:24:01,23.02,37,N/A,210,405,0,13958,0x0000000000000001,0.60,122102
21:24:03,22.95,37,N/A,210,405,0,13958,0x0000000000000001,0.60,122101
21:24:05,22.90,37,N/A,210,405,0,13958,0x0000000000000001,0.60,122100
21:24:07,22.92,37,N/A,210,405,0,13958,0x0000000000000001,0.64,122097
21:24:09,22.87,37,N/A,210,405,0,13958,0x0000000000000001,0.64,122099
21:24:11,22.85,37,N/A,210,405,0,13958,0x0000000000000001,0.58,122097
21:24:14,23.00,37,N/A,210,405,0,13958,0x0000000000000001,0.58,122095
21:24:16,22.61,37,N/A,210,405,0,13958,0x0000000000000001,0.58,122093
21:24:18,23.16,37,N/A,210,405,0,13958,0x0000000000000001,0.54,122077
21:24:20,22.96,37,N/A,210,405,0,13958,0x0000000000000001,0.54,122094
21:24:22,23.13,37,N/A,210,405,0,13958,0x0000000000000001,0.49,122091
21:24:24,23.24,37,N/A,210,405,0,13958,0x0000000000000001,0.49,122094
21:24:26,22.77,37,N/A,210,405,0,13958,0x0000000000000001,0.49,122093
21:24:28,22.51,37,N/A,210,405,0,13958,0x0000000000000001,0.53,122098
21:24:30,22.63,37,N/A,210,405,0,13958,0x0000000000000001,0.53,122096
21:24:32,22.63,37,N/A,210,405,0,13958,0x0000000000000001,0.49,122096
21:24:34,22.97,37,N/A,210,405,0,13958,0x0000000000000001,0.49,122099
21:24:36,22.92,37,N/A,210,405,0,13958,0x0000000000000001,0.49,122096
21:24:38,22.57,37,N/A,210,405,0,13958,0x0000000000000001,0.45,122091
21:24:40,22.75,37,N/A,210,405,0,13958,0x0000000000000001,0.45,122072
21:24:42,22.70,37,N/A,210,405,0,13958,0x0000000000000001,0.42,122089
21:24:44,22.72,37,N/A,210,405,0,13958,0x0000000000000001,0.42,122088
21:24:46,22.67,37,N/A,210,405,0,13958,0x0000000000000001,0.38,122085
21:24:48,22.75,37,N/A,210,405,0,13958,0x0000000000000001,0.38,122072
21:24:50,22.64,36,N/A,210,405,0,13958,0x0000000000000001,0.38,122082
21:24:52,22.60,36,N/A,210,405,0,13958,0x0000000000000001,0.35,122082
21:24:54,22.50,36,N/A,210,405,0,13958,0x0000000000000001,0.35,122082
21:24:57,22.60,36,N/A,210,405,0,13958,0x0000000000000001,0.32,122086
21:24:59,22.55,36,N/A,210,405,0,13958,0x0000000000000001,0.32,122084
21:25:01,22.49,36,N/A,210,405,0,13958,0x0000000000000001,0.32,122087
21:25:03,22.58,36,N/A,210,405,0,13958,0x0000000000000001,0.30,122086
21:25:05,22.48,36,N/A,210,405,0,13958,0x0000000000000001,0.30,122084
21:25:07,22.37,36,N/A,210,405,0,13958,0x0000000000000001,0.27,122082
21:25:09,22.42,36,N/A,210,405,0,13958,0x0000000000000001,0.27,122082
21:25:11,22.53,36,N/A,210,405,0,13958,0x0000000000000001,0.27,122090
21:25:13,22.45,36,N/A,210,405,0,13958,0x0000000000000001,0.25,122088
21:25:15,22.41,36,N/A,210,405,0,13958,0x0000000000000001,0.25,122086
21:25:17,22.32,36,N/A,210,405,0,13958,0x0000000000000001,0.23,122085
21:25:19,22.28,36,N/A,210,405,0,13958,0x0000000000000001,0.23,122089
21:25:21,22.38,36,N/A,210,405,0,13958,0x0000000000000001,0.23,122092
21:25:23,22.42,36,N/A,210,405,0,13958,0x0000000000000001,0.21,122095
21:25:25,22.43,36,N/A,210,405,0,13958,0x0000000000000001,0.21,122091
21:25:27,22.43,36,N/A,210,405,0,13958,0x0000000000000001,0.19,122089
21:25:29,22.09,36,N/A,210,405,0,13958,0x0000000000000001,0.19,122086
21:25:31,22.35,36,N/A,210,405,0,13958,0x0000000000000001,0.26,122086
21:25:33,22.42,36,N/A,210,405,0,13958,0x0000000000000001,0.26,122073
21:25:35,22.48,36,N/A,210,405,0,13958,0x0000000000000001,0.26,122089
21:25:37,22.42,36,N/A,210,405,0,13958,0x0000000000000001,0.24,122091
21:25:40,22.53,36,N/A,210,405,0,13958,0x0000000000000001,0.24,122091
21:25:42,22.66,36,N/A,210,405,0,13958,0x0000000000000001,0.22,122091
21:25:44,22.54,36,N/A,210,405,0,13958,0x0000000000000001,0.22,122089
21:25:46,22.51,36,N/A,210,405,0,13958,0x0000000000000001,0.22,122088
21:25:48,22.56,36,N/A,210,405,0,13958,0x0000000000000001,0.20,122088
21:25:50,22.28,36,N/A,210,405,0,13958,0x0000000000000001,0.20,122090
21:25:52,22.42,36,N/A,210,405,0,13958,0x0000000000000001,0.18,122089
21:25:54,22.42,36,N/A,210,405,0,13958,0x0000000000000001,0.18,122087
21:25:56,22.26,36,N/A,210,405,0,13958,0x0000000000000001,0.18,122091
21:25:58,22.40,36,N/A,210,405,0,13958,0x0000000000000001,0.17,122094
21:26:00,22.43,36,N/A,210,405,0,13958,0x0000000000000001,0.17,122096
21:26:02,22.29,36,N/A,210,405,0,13958,0x0000000000000001,0.16,122095
21:26:04,22.37,36,N/A,210,405,0,13958,0x0000000000000001,0.16,122081
21:26:06,22.27,36,N/A,210,405,0,13958,0x0000000000000001,0.16,122109
21:26:08,22.34,36,N/A,210,405,0,13958,0x0000000000000001,0.14,122104
21:26:10,22.39,36,N/A,210,405,0,13958,0x0000000000000001,0.14,122103
21:26:12,22.55,36,N/A,210,405,0,13958,0x0000000000000001,0.13,122098
21:26:14,22.40,36,N/A,210,405,0,13958,0x0000000000000001,0.13,122098
21:26:16,22.60,35,N/A,210,405,0,13958,0x0000000000000001,0.12,122105
21:26:18,22.41,35,N/A,210,405,0,13958,0x0000000000000001,0.12,122104
21:26:20,22.53,35,N/A,210,405,0,13958,0x0000000000000001,0.12,122106
21:26:23,22.44,35,N/A,210,405,0,13958,0x0000000000000001,0.11,122110
21:26:25,22.39,35,N/A,210,405,0,13958,0x0000000000000001,0.11,122109
21:26:27,22.36,35,N/A,210,405,0,13958,0x0000000000000001,0.10,122109
21:26:29,22.45,35,N/A,210,405,0,13958,0x0000000000000001,0.10,122115
21:26:31,22.43,35,N/A,210,405,0,13958,0x0000000000000001,0.10,122115
21:26:33,22.52,35,N/A,210,405,0,13958,0x0000000000000001,0.09,122116
21:26:35,22.30,35,N/A,210,405,0,13958,0x0000000000000001,0.09,122121
21:26:37,22.23,35,N/A,210,405,0,13958,0x0000000000000001,0.17,122121
21:26:39,22.37,35,N/A,210,405,0,13958,0x0000000000000001,0.17,122113
21:26:41,22.29,35,N/A,210,405,0,13958,0x0000000000000001,0.17,122094
21:26:43,22.03,35,N/A,210,405,0,13958,0x0000000000000001,0.15,122109
21:26:45,22.08,35,N/A,210,405,0,13958,0x0000000000000001,0.15,122106
21:26:47,22.19,35,N/A,210,405,0,13958,0x0000000000000001,0.14,122110
21:26:49,22.33,35,N/A,210,405,0,13958,0x0000000000000001,0.14,122108
21:26:51,22.12,35,N/A,210,405,0,13958,0x0000000000000001,0.14,122112
21:26:53,22.11,35,N/A,210,405,0,13958,0x0000000000000001,0.13,122112
21:26:55,22.28,35,N/A,210,405,0,13958,0x0000000000000001,0.13,122111
21:26:57,22.06,35,N/A,210,405,0,13958,0x0000000000000001,0.12,122106
21:26:59,22.00,35,N/A,210,405,0,13958,0x0000000000000001,0.12,122106
21:27:01,22.23,35,N/A,210,405,0,13958,0x0000000000000001,0.11,122103
21:27:03,22.16,35,N/A,210,405,0,13958,0x0000000000000001,0.11,122104
21:27:06,22.24,35,N/A,210,405,0,13958,0x0000000000000001,0.11,122105
21:27:08,22.16,35,N/A,210,405,0,13958,0x0000000000000001,0.10,122108
21:27:10,22.21,35,N/A,210,405,0,13958,0x0000000000000001,0.10,122107
21:27:12,22.19,35,N/A,210,405,0,13958,0x0000000000000001,0.09,122105
21:27:14,22.27,35,N/A,210,405,0,13958,0x0000000000000001,0.09,122104
21:27:16,22.36,35,N/A,210,405,0,13958,0x0000000000000001,0.09,122101
21:27:18,22.35,35,N/A,210,405,0,13958,0x0000000000000001,0.08,122104
21:27:20,22.45,35,N/A,210,405,0,13958,0x0000000000000001,0.08,122106
21:27:22,22.09,35,N/A,210,405,0,13958,0x0000000000000001,0.08,122107
21:27:24,22.24,35,N/A,210,405,0,13958,0x0000000000000001,0.08,122107
21:27:26,22.11,35,N/A,210,405,0,13958,0x0000000000000001,0.08,122107
21:27:28,22.03,35,N/A,210,405,0,13958,0x0000000000000001,0.15,122105
21:27:30,22.02,35,N/A,210,405,0,13958,0x0000000000000001,0.15,122111
21:27:32,22.10,35,N/A,210,405,0,13958,0x0000000000000001,0.14,122110
21:27:34,22.30,35,N/A,210,405,0,13958,0x0000000000000001,0.14,122113
21:27:36,22.15,35,N/A,210,405,0,13958,0x0000000000000001,0.14,122116
21:27:38,22.04,35,N/A,210,405,0,13958,0x0000000000000001,0.13,122103
21:27:40,22.02,35,N/A,210,405,0,13958,0x0000000000000001,0.13,122103
21:27:42,22.16,35,N/A,210,405,0,13958,0x0000000000000001,0.20,122101
21:27:44,22.32,35,N/A,210,405,0,13958,0x0000000000000001,0.20,122100
21:27:46,22.28,35,N/A,210,405,0,13958,0x0000000000000001,0.18,122102
21:27:49,22.44,35,N/A,210,405,0,13958,0x0000000000000001,0.18,122100
21:27:51,22.27,35,N/A,210,405,0,13958,0x0000000000000001,0.18,122100
21:27:53,22.36,35,N/A,210,405,0,13958,0x0000000000000001,0.17,122103
21:27:55,22.39,35,N/A,210,405,0,13958,0x0000000000000001,0.17,122103
21:27:57,22.39,35,N/A,210,405,0,13958,0x0000000000000001,0.15,122095
21:27:59,22.30,35,N/A,210,405,0,13958,0x0000000000000001,0.15,122093
21:28:01,22.32,35,N/A,210,405,0,13958,0x0000000000000001,0.15,122093
21:28:03,22.31,35,N/A,210,405,0,13958,0x0000000000000001,0.22,122091
21:28:05,22.37,35,N/A,210,405,0,13958,0x0000000000000001,0.22,122092
21:28:07,22.18,35,N/A,210,405,0,13958,0x0000000000000001,0.20,122092
21:28:09,22.24,35,N/A,210,405,0,13958,0x0000000000000001,0.20,122092
21:28:11,22.30,35,N/A,210,405,0,13958,0x0000000000000001,0.20,122093
21:28:13,22.48,35,N/A,210,405,0,13958,0x0000000000000001,0.19,122091
21:28:15,22.47,35,N/A,210,405,0,13958,0x0000000000000001,0.19,122091
21:28:17,22.44,35,N/A,210,405,0,13958,0x0000000000000001,0.25,122093
21:28:19,22.41,35,N/A,210,405,0,13958,0x0000000000000001,0.25,122091
21:28:21,22.22,35,N/A,210,405,0,13958,0x0000000000000001,0.25,122087
21:28:23,22.18,35,N/A,210,405,0,13958,0x0000000000000001,0.39,122097
21:28:25,22.13,35,N/A,210,405,0,13958,0x0000000000000001,0.39,122101
21:28:27,22.29,35,N/A,210,405,0,13958,0x0000000000000001,0.36,122095
21:28:30,22.33,35,N/A,210,405,0,13958,0x0000000000000001,0.36,122096
21:28:32,22.36,35,N/A,210,405,0,13958,0x0000000000000001,0.33,122096
21:28:34,22.35,35,N/A,210,405,0,13958,0x0000000000000001,0.33,122095
21:28:36,22.50,35,N/A,210,405,0,13958,0x0000000000000001,0.33,122096
21:28:38,22.26,35,N/A,210,405,0,13958,0x0000000000000001,0.47,122096
21:28:40,22.43,35,N/A,210,405,0,13958,0x0000000000000001,0.47,122094
21:28:42,22.48,35,N/A,210,405,0,13958,0x0000000000000001,0.43,122074
21:28:44,22.32,35,N/A,210,405,0,13958,0x0000000000000001,0.43,122095
21:28:46,22.20,35,N/A,210,405,0,13958,0x0000000000000001,0.43,122099
21:28:48,22.28,35,N/A,210,405,0,13958,0x0000000000000001,0.47,122096
21:28:50,22.38,35,N/A,210,405,0,13958,0x0000000000000001,0.47,122097
21:28:52,22.27,35,N/A,210,405,0,13958,0x0000000000000001,0.52,122097
21:28:54,22.30,35,N/A,210,405,0,13958,0x0000000000000001,0.52,122096
21:28:56,22.49,35,N/A,210,405,0,13958,0x0000000000000001,0.52,122097
21:28:58,22.32,35,N/A,210,405,0,13958,0x0000000000000001,0.47,122094
21:29:00,22.44,35,N/A,210,405,0,13958,0x0000000000000001,0.47,122093
21:29:02,22.32,35,N/A,210,405,0,13958,0x0000000000000001,0.44,122092
21:29:04,22.36,35,N/A,210,405,0,13958,0x0000000000000001,0.44,122091
21:29:06,22.44,35,N/A,210,405,0,13958,0x0000000000000001,0.44,122095
21:29:08,22.41,34,N/A,210,405,0,13958,0x0000000000000001,0.40,122104
21:29:10,22.43,34,N/A,210,405,0,13958,0x0000000000000001,0.40,122104
21:29:13,22.42,34,N/A,210,405,0,13958,0x0000000000000001,0.37,122102
21:29:15,22.37,34,N/A,210,405,0,13958,0x0000000000000001,0.37,122098
21:29:17,22.48,34,N/A,210,405,0,13958,0x0000000000000001,0.34,122098
21:29:19,22.48,34,N/A,210,405,0,13958,0x0000000000000001,0.34,122097
21:29:21,22.40,34,N/A,210,405,0,13958,0x0000000000000001,0.34,122098
21:29:23,22.40,34,N/A,210,405,0,13958,0x0000000000000001,0.31,122101
21:29:25,22.33,34,N/A,210,405,0,13958,0x0000000000000001,0.31,122098
21:29:27,22.37,34,N/A,210,405,0,13958,0x0000000000000001,0.29,122104
21:29:29,22.22,34,N/A,210,405,0,13958,0x0000000000000001,0.29,122102
21:29:31,22.41,34,N/A,210,405,0,13958,0x0000000000000001,0.29,122101
21:29:33,22.40,34,N/A,210,405,0,13958,0x0000000000000001,0.26,122103
21:29:35,22.24,34,N/A,210,405,0,13958,0x0000000000000001,0.26,122103
21:29:37,22.41,34,N/A,210,405,0,13958,0x0000000000000001,0.24,122079
21:29:39,22.33,34,N/A,210,405,0,13958,0x0000000000000001,0.24,122101
21:29:41,22.48,34,N/A,210,405,0,13958,0x0000000000000001,0.24,122106
21:29:43,22.50,34,N/A,210,405,0,13958,0x0000000000000001,0.22,122100
21:29:45,22.40,34,N/A,210,405,0,13958,0x0000000000000001,0.22,122095
21:29:47,22.36,34,N/A,210,405,0,13958,0x0000000000000001,0.20,122095
21:29:49,22.28,34,N/A,210,405,0,13958,0x0000000000000001,0.20,122094
21:29:51,22.18,34,N/A,210,405,0,13958,0x0000000000000001,0.27,122093
21:29:53,22.47,34,N/A,210,405,0,13958,0x0000000000000001,0.27,122092
21:29:56,22.52,34,N/A,210,405,0,13958,0x0000000000000001,0.27,122095
21:29:58,22.42,34,N/A,210,405,0,13958,0x0000000000000001,0.25,122092
21:30:00,22.51,34,N/A,210,405,0,13958,0x0000000000000001,0.25,122094
21:30:02,22.45,34,N/A,210,405,0,13958,0x0000000000000001,0.23,122094
21:30:04,22.36,34,N/A,210,405,0,13958,0x0000000000000001,0.23,122091
21:30:06,22.42,34,N/A,210,405,0,13958,0x0000000000000001,0.23,122091
21:30:08,22.45,34,N/A,210,405,0,13958,0x0000000000000001,0.21,122083
21:30:10,22.60,34,N/A,210,405,0,13958,0x0000000000000001,0.21,122093
21:30:12,22.49,34,N/A,210,405,0,13958,0x0000000000000001,0.19,122092
21:30:14,22.38,34,N/A,210,405,0,13958,0x0000000000000001,0.19,122096
21:30:16,22.28,34,N/A,210,405,0,13958,0x0000000000000001,0.19,122100
21:30:18,22.21,34,N/A,210,405,0,13958,0x0000000000000001,0.18,122101
21:30:20,22.50,34,N/A,210,405,0,13958,0x0000000000000001,0.18,122100
21:30:22,22.43,34,N/A,210,405,0,13958,0x0000000000000001,0.16,122105
21:30:24,22.31,34,N/A,210,405,0,13958,0x0000000000000001,0.16,122106
21:30:26,22.38,34,N/A,210,405,0,13958,0x0000000000000001,0.16,122104
21:30:28,22.41,34,N/A,210,405,0,13958,0x0000000000000001,0.15,122103
21:30:30,22.34,34,N/A,210,405,0,13958,0x0000000000000001,0.15,122104
21:30:32,22.37,34,N/A,210,405,0,13958,0x0000000000000001,0.14,122104
21:30:34,22.33,34,N/A,210,405,0,13958,0x0000000000000001,0.14,122102
21:30:36,22.23,34,N/A,210,405,0,13958,0x0000000000000001,0.12,122101
21:30:39,22.17,34,N/A,210,405,0,13958,0x0000000000000001,0.12,122105
21:30:41,22.06,34,N/A,210,405,0,13958,0x0000000000000001,0.12,122102
21:30:43,22.18,34,N/A,210,405,0,13958,0x0000000000000001,0.11,122097
21:30:45,22.23,34,N/A,210,405,0,13958,0x0000000000000001,0.11,122102
21:30:47,22.24,34,N/A,210,405,0,13958,0x0000000000000001,0.10,122101
21:30:49,22.30,34,N/A,210,405,0,13958,0x0000000000000001,0.10,122100
21:30:51,22.40,34,N/A,210,405,0,13958,0x0000000000000001,0.10,122099
21:30:53,22.28,34,N/A,210,405,0,13958,0x0000000000000001,0.10,122099
21:30:55,22.04,34,N/A,210,405,0,13958,0x0000000000000001,0.10,122098
21:30:57,22.03,34,N/A,210,405,0,13958,0x0000000000000001,0.17,122097
21:30:59,22.20,34,N/A,210,405,0,13958,0x0000000000000001,0.17,122094
21:31:01,22.31,34,N/A,210,405,0,13958,0x0000000000000001,0.17,122091
21:31:03,22.17,34,N/A,210,405,0,13958,0x0000000000000001,0.16,122091
21:31:05,22.25,34,N/A,210,405,0,13958,0x0000000000000001,0.16,122090
21:31:07,22.25,34,N/A,210,405,0,13958,0x0000000000000001,0.14,122090
21:31:09,22.22,34,N/A,210,405,0,13958,0x0000000000000001,0.14,122107
21:31:11,22.36,34,N/A,210,405,0,13958,0x0000000000000001,0.14,122108
21:31:13,22.34,34,N/A,210,405,0,13958,0x0000000000000001,0.13,122111
21:31:15,22.34,34,N/A,210,405,0,13958,0x0000000000000001,0.13,122112
21:31:17,22.44,34,N/A,210,405,0,13958,0x0000000000000001,0.12,122111
21:31:19,22.37,34,N/A,210,405,0,13958,0x0000000000000001,0.12,122111
21:31:22,22.28,34,N/A,210,405,0,13958,0x0000000000000001,0.11,122107
21:31:24,22.18,34,N/A,210,405,0,13958,0x0000000000000001,0.11,122107
21:31:26,22.33,34,N/A,210,405,0,13958,0x0000000000000001,0.11,122101
21:31:28,22.47,34,N/A,210,405,0,13958,0x0000000000000001,0.10,122100
21:31:30,22.46,34,N/A,210,405,0,13958,0x0000000000000001,0.10,122096
21:31:32,22.44,34,N/A,210,405,0,13958,0x0000000000000001,0.09,122095
21:31:34,22.13,34,N/A,210,405,0,13958,0x0000000000000001,0.09,122094
21:31:36,22.25,34,N/A,210,405,0,13958,0x0000000000000001,0.09,122099
21:31:38,22.39,34,N/A,210,405,0,13958,0x0000000000000001,0.08,122095
21:31:40,22.24,34,N/A,210,405,0,13958,0x0000000000000001,0.08,122088
21:31:42,22.45,34,N/A,210,405,0,13958,0x0000000000000001,0.08,122089
21:31:44,22.30,34,N/A,210,405,0,13958,0x0000000000000001,0.08,122088
21:31:46,22.40,34,N/A,210,405,0,13958,0x0000000000000001,0.08,122088
21:31:48,22.34,34,N/A,210,405,0,13958,0x0000000000000001,0.07,122090
21:31:50,22.33,34,N/A,210,405,0,13958,0x0000000000000001,0.07,122089
21:31:52,22.35,34,N/A,210,405,0,13958,0x0000000000000001,0.07,122088
21:31:54,22.19,34,N/A,210,405,0,13958,0x0000000000000001,0.07,122087
21:31:56,22.16,34,N/A,210,405,0,13958,0x0000000000000001,0.07,122094
21:31:58,22.15,34,N/A,210,405,0,13958,0x0000000000000001,0.06,122089
21:32:00,22.09,34,N/A,210,405,0,13958,0x0000000000000001,0.06,122089
21:32:02,22.12,34,N/A,210,405,0,13958,0x0000000000000001,0.22,122088
21:32:05,22.30,34,N/A,210,405,0,13958,0x0000000000000001,0.22,122088
21:32:07,22.25,34,N/A,210,405,0,13958,0x0000000000000001,0.20,122087
21:32:09,22.19,34,N/A,210,405,0,13958,0x0000000000000001,0.20,122085
21:32:11,22.02,34,N/A,210,405,0,13958,0x0000000000000001,0.20,122092
21:32:13,22.21,34,N/A,210,405,0,13958,0x0000000000000001,0.18,122091
21:32:15,22.20,34,N/A,210,405,0,13958,0x0000000000000001,0.18,122086
21:32:17,22.14,34,N/A,210,405,0,13958,0x0000000000000001,0.17,122096
21:32:19,22.06,34,N/A,210,405,0,13958,0x0000000000000001,0.17,122093
21:32:21,22.28,34,N/A,210,405,0,13958,0x0000000000000001,0.17,122093
21:32:23,22.36,34,N/A,210,405,0,13958,0x0000000000000001,0.15,122091
21:32:25,22.35,34,N/A,210,405,0,13958,0x0000000000000001,0.15,122081
21:32:27,22.23,34,N/A,210,405,0,13958,0x0000000000000001,0.14,122091
21:32:29,22.28,34,N/A,210,405,0,13958,0x0000000000000001,0.14,122093
21:32:31,22.30,34,N/A,210,405,0,13958,0x0000000000000001,0.14,122095
21:32:33,22.24,34,N/A,210,405,0,13958,0x0000000000000001,0.13,122093
21:32:35,22.26,34,N/A,210,405,0,13958,0x0000000000000001,0.13,122093
21:32:37,22.16,34,N/A,210,405,0,13958,0x0000000000000001,0.12,122099
21:32:39,22.17,34,N/A,210,405,0,13958,0x0000000000000001,0.12,122100
21:32:41,22.16,34,N/A,210,405,0,13958,0x0000000000000001,0.12,122096
21:32:43,22.21,34,N/A,210,405,0,13958,0x0000000000000001,0.11,122097
21:32:45,22.35,34,N/A,210,405,0,13958,0x0000000000000001,0.11,122091
21:32:48,22.23,34,N/A,210,405,0,13958,0x0000000000000001,0.10,122090
21:32:50,22.19,34,N/A,210,405,0,13958,0x0000000000000001,0.10,122091
21:32:52,22.18,34,N/A,210,405,0,13958,0x0000000000000001,0.09,122092
21:32:54,22.25,34,N/A,210,405,0,13958,0x0000000000000001,0.09,122091
21:32:56,22.17,34,N/A,210,405,0,13958,0x0000000000000001,0.09,122097
21:32:58,22.12,34,N/A,210,405,0,13958,0x0000000000000001,0.08,122094
21:33:00,22.16,34,N/A,210,405,0,13958,0x0000000000000001,0.08,122094
21:33:02,22.25,34,N/A,210,405,0,13958,0x0000000000000001,0.08,122103
21:33:04,22.08,34,N/A,210,405,0,13958,0x0000000000000001,0.08,122105
21:33:06,22.01,34,N/A,210,405,0,13958,0x0000000000000001,0.08,122103
21:33:08,22.20,34,N/A,210,405,0,13958,0x0000000000000001,0.15,122102
21:33:10,22.37,34,N/A,210,405,0,13958,0x0000000000000001,0.15,122087
21:33:12,22.26,34,N/A,210,405,0,13958,0x0000000000000001,0.14,122097
21:33:14,22.26,34,N/A,210,405,0,13958,0x0000000000000001,0.14,122101
21:33:16,22.08,34,N/A,210,405,0,13958,0x0000000000000001,0.14,122103
21:33:18,22.15,34,N/A,210,405,0,13958,0x0000000000000001,0.13,122102
21:33:20,22.11,34,N/A,210,405,0,13958,0x0000000000000001,0.13,122102
21:33:22,22.08,34,N/A,210,405,0,13958,0x0000000000000001,0.12,122105
21:33:24,22.15,34,N/A,210,405,0,13958,0x0000000000000001,0.12,122103
21:33:26,22.07,34,N/A,210,405,0,13958,0x0000000000000001,0.12,122103
21:33:28,22.02,34,N/A,210,405,0,13958,0x0000000000000001,0.11,122104
21:33:31,22.11,34,N/A,210,405,0,13958,0x0000000000000001,0.11,122104
21:33:33,22.11,34,N/A,210,405,0,13958,0x0000000000000001,0.10,122102
21:33:35,22.08,34,N/A,210,405,0,13958,0x0000000000000001,0.10,122099
21:33:37,21.97,34,N/A,210,405,0,13958,0x0000000000000001,0.09,122099
21:33:39,22.03,34,N/A,210,405,0,13958,0x0000000000000001,0.09,122098
21:33:41,21.90,34,N/A,210,405,0,13958,0x0000000000000001,0.09,122087
21:33:43,21.93,34,N/A,210,405,0,13958,0x0000000000000001,0.08,122099
21:33:45,21.88,34,N/A,210,405,0,13958,0x0000000000000001,0.08,122092
21:33:47,21.93,34,N/A,210,405,0,13958,0x0000000000000001,0.08,122091
21:33:49,22.00,34,N/A,210,405,0,13958,0x0000000000000001,0.08,122095
21:33:51,22.08,34,N/A,210,405,0,13958,0x0000000000000001,0.08,122093
21:33:53,22.14,34,N/A,210,405,0,13958,0x0000000000000001,0.07,122092
21:33:55,22.05,34,N/A,210,405,0,13958,0x0000000000000001,0.07,122092
21:33:57,22.07,34,N/A,210,405,0,13958,0x0000000000000001,0.14,122090
21:33:59,22.19,34,N/A,210,405,0,13958,0x0000000000000001,0.14,122087
21:34:01,22.06,34,N/A,210,405,0,13958,0x0000000000000001,0.14,122091
21:34:03,22.07,34,N/A,210,405,0,13958,0x0000000000000001,0.13,122094
21:34:05,22.06,34,N/A,210,405,0,13958,0x0000000000000001,0.13,122093
21:34:07,22.02,34,N/A,210,405,0,13958,0x0000000000000001,0.20,122093
21:34:09,22.11,34,N/A,210,405,0,13958,0x0000000000000001,0.20,122094
21:34:11,21.89,34,N/A,210,405,0,13958,0x0000000000000001,0.20,122094
21:34:14,21.92,34,N/A,210,405,0,13958,0x0000000000000001,0.27,122094
21:34:16,22.05,34,N/A,210,405,0,13958,0x0000000000000001,0.27,122095
21:34:18,22.17,34,N/A,210,405,0,13958,0x0000000000000001,0.33,122093
21:34:20,22.17,34,N/A,210,405,0,13958,0x0000000000000001,0.33,122091
21:34:22,22.15,34,N/A,210,405,0,13958,0x0000000000000001,0.30,122091
21:34:24,22.14,34,N/A,210,405,0,13958,0x0000000000000001,0.30,122091
21:34:26,22.00,34,N/A,210,405,0,13958,0x0000000000000001,0.30,122090
21:34:28,22.17,34,N/A,210,405,0,13958,0x0000000000000001,0.36,122091
21:34:30,22.07,34,N/A,210,405,0,13958,0x0000000000000001,0.36,122087
21:34:32,22.17,34,N/A,210,405,0,13958,0x0000000000000001,0.33,122087
21:34:34,22.14,34,N/A,210,405,0,13958,0x0000000000000001,0.33,122089
21:34:36,22.16,34,N/A,210,405,0,13958,0x0000000000000001,0.33,122088
21:34:38,22.13,34,N/A,210,405,0,13958,0x0000000000000001,0.30,122088
21:34:40,22.14,34,N/A,210,405,0,13958,0x0000000000000001,0.30,122091
21:34:42,22.13,34,N/A,210,405,0,13958,0x0000000000000001,0.36,122097
21:34:44,22.20,34,N/A,210,405,0,13958,0x0000000000000001,0.36,122095
21:34:46,22.18,34,N/A,210,405,0,13958,0x0000000000000001,0.36,122089
21:34:48,22.35,34,N/A,210,405,0,13958,0x0000000000000001,0.33,122093
21:34:50,22.29,34,N/A,210,405,0,13958,0x0000000000000001,0.33,122092
21:34:52,22.17,34,N/A,210,405,0,13958,0x0000000000000001,0.30,122091
21:34:55,22.14,34,N/A,210,405,0,13958,0x0000000000000001,0.30,122094
21:34:57,22.05,34,N/A,210,405,0,13958,0x0000000000000001,0.30,122090
21:34:59,22.08,34,N/A,210,405,0,13958,0x0000000000000001,0.28,122092
21:35:01,22.19,34,N/A,210,405,0,13958,0x0000000000000001,0.28,122081
21:35:03,22.14,34,N/A,210,405,0,13958,0x0000000000000001,0.25,122083
21:35:05,22.10,34,N/A,210,405,0,13958,0x0000000000000001,0.25,122086
21:35:07,22.08,34,N/A,210,405,0,13958,0x0000000000000001,0.23,122083
21:35:09,22.02,34,N/A,210,405,0,13958,0x0000000000000001,0.23,122082
21:35:11,22.24,34,N/A,210,405,0,13958,0x0000000000000001,0.23,122078
21:35:13,22.03,34,N/A,210,405,0,13958,0x0000000000000001,0.30,122077
21:35:15,21.98,34,N/A,210,405,0,13958,0x0000000000000001,0.30,122076
21:35:17,22.12,34,N/A,210,405,0,13958,0x0000000000000001,0.35,122078
21:35:19,22.26,34,N/A,210,405,0,13958,0x0000000000000001,0.35,122078
21:35:21,22.22,34,N/A,210,405,0,13958,0x0000000000000001,0.35,122080
21:35:23,22.25,34,N/A,210,405,0,13958,0x0000000000000001,0.32,122081
21:35:25,22.17,34,N/A,210,405,0,13958,0x0000000000000001,0.32,122078
21:35:27,22.26,34,N/A,210,405,0,13958,0x0000000000000001,0.38,122079
21:35:29,22.33,34,N/A,210,405,0,13958,0x0000000000000001,0.38,122079
21:35:31,22.45,34,N/A,210,405,0,13958,0x0000000000000001,0.38,122077
21:35:33,22.41,34,N/A,210,405,0,13958,0x0000000000000001,0.35,122077
21:35:35,22.58,34,N/A,210,405,0,13958,0x0000000000000001,0.35,122075
21:35:38,22.51,34,N/A,210,405,0,13958,0x0000000000000001,0.32,122077
21:35:40,22.40,34,N/A,210,405,0,13958,0x0000000000000001,0.32,122075
21:35:42,22.38,34,N/A,210,405,0,13958,0x0000000000000001,0.32,122073
21:35:44,22.44,34,N/A,210,405,0,13958,0x0000000000000001,0.29,122076
21:35:46,22.50,34,N/A,210,405,0,13958,0x0000000000000001,0.29,122077
21:35:48,22.36,34,N/A,210,405,0,13958,0x0000000000000001,0.27,122077
21:35:50,22.38,34,N/A,210,405,0,13958,0x0000000000000001,0.27,122077
21:35:52,22.28,34,N/A,210,405,0,13958,0x0000000000000001,0.25,122075
21:35:54,22.34,34,N/A,210,405,0,13958,0x0000000000000001,0.25,122076
21:35:56,22.32,34,N/A,210,405,0,13958,0x0000000000000001,0.25,122077
21:35:58,22.41,34,N/A,210,405,0,13958,0x0000000000000001,0.23,122079
21:36:00,22.20,34,N/A,210,405,0,13958,0x0000000000000001,0.23,122070
21:36:02,22.32,34,N/A,210,405,0,13958,0x0000000000000001,0.21,122080
21:36:04,22.39,34,N/A,210,405,0,13958,0x0000000000000001,0.21,122076
21:36:06,22.39,34,N/A,210,405,0,13958,0x0000000000000001,0.21,122079
21:36:08,22.41,34,N/A,210,405,0,13958,0x0000000000000001,0.19,122077
21:36:10,22.29,34,N/A,210,405,0,13958,0x0000000000000001,0.19,122077
21:36:12,22.35,34,N/A,210,405,0,13958,0x0000000000000001,0.18,122076
21:36:14,22.21,34,N/A,210,405,0,13958,0x0000000000000001,0.18,122069
21:36:16,22.18,34,N/A,210,405,0,13958,0x0000000000000001,0.18,122067
21:36:18,22.19,34,N/A,210,405,0,13958,0x0000000000000001,0.24,122069
21:36:21,22.14,34,N/A,210,405,0,13958,0x0000000000000001,0.24,122070
21:36:23,22.22,34,N/A,210,405,0,13958,0x0000000000000001,0.30,122069
21:36:25,22.42,34,N/A,210,405,0,13958,0x0000000000000001,0.30,122066
21:36:27,22.32,34,N/A,210,405,0,13958,0x0000000000000001,0.30,122065
21:36:29,22.24,34,N/A,210,405,0,13958,0x0000000000000001,0.28,122066
21:36:31,22.45,34,N/A,210,405,0,13958,0x0000000000000001,0.28,122076
21:36:33,22.35,34,N/A,210,405,0,13958,0x0000000000000001,0.26,122073
21:36:35,22.40,34,N/A,210,405,0,13958,0x0000000000000001,0.26,122073
21:36:37,22.50,34,N/A,210,405,0,13958,0x0000000000000001,0.32,122075
21:36:39,22.46,34,N/A,210,405,0,13958,0x0000000000000001,0.32,122075
21:36:41,22.36,34,N/A,210,405,0,13958,0x0000000000000001,0.32,122075
21:36:43,22.38,34,N/A,210,405,0,13958,0x0000000000000001,0.29,122075
21:36:45,22.36,34,N/A,210,405,0,13958,0x0000000000000001,0.29,122086
21:36:47,22.35,34,N/A,210,405,0,13958,0x0000000000000001,0.27,122087
21:36:49,22.48,34,N/A,210,405,0,13958,0x0000000000000001,0.27,122091
21:36:51,22.47,34,N/A,210,405,0,13958,0x0000000000000001,0.27,122086
21:36:53,22.38,34,N/A,210,405,0,13958,0x0000000000000001,0.25,122087
21:36:55,22.39,34,N/A,210,405,0,13958,0x0000000000000001,0.25,122086
21:36:57,22.37,34,N/A,210,405,0,13958,0x0000000000000001,0.23,122084
21:36:59,22.35,34,N/A,210,405,0,13958,0x0000000000000001,0.23,122087
21:37:01,22.40,34,N/A,210,405,0,13958,0x0000000000000001,0.23,122076
21:37:04,22.42,34,N/A,210,405,0,13958,0x0000000000000001,0.21,122078
21:37:06,22.35,34,N/A,210,405,0,13958,0x0000000000000001,0.21,122080
21:37:08,22.19,34,N/A,210,405,0,13958,0x0000000000000001,0.19,122080
21:37:10,22.25,34,N/A,210,405,0,13958,0x0000000000000001,0.19,122078
21:37:12,22.13,34,N/A,210,405,0,13958,0x0000000000000001,0.19,122084
21:37:14,22.07,34,N/A,210,405,0,13958,0x0000000000000001,0.17,122071
21:37:16,22.25,34,N/A,210,405,0,13958,0x0000000000000001,0.17,122071
21:37:18,22.20,34,N/A,210,405,0,13958,0x0000000000000001,0.16,122072
21:37:20,22.17,34,N/A,210,405,0,13958,0x0000000000000001,0.16,122077
21:37:22,22.27,34,N/A,210,405,0,13958,0x0000000000000001,0.23,122076
21:37:24,22.00,34,N/A,210,405,0,13958,0x0000000000000001,0.23,122075
21:37:26,21.97,34,N/A,210,405,0,13958,0x0000000000000001,0.23,122077
21:37:28,22.18,34,N/A,210,405,0,13958,0x0000000000000001,0.29,122074
21:37:30,22.20,34,N/A,210,405,0,13958,0x0000000000000001,0.29,122090
21:37:32,22.29,34,N/A,210,405,0,13958,0x0000000000000001,0.27,122090
21:37:34,22.29,34,N/A,210,405,0,13958,0x0000000000000001,0.27,122088
21:37:36,22.32,34,N/A,210,405,0,13958,0x0000000000000001,0.27,122090
21:37:38,22.40,34,N/A,210,405,0,13958,0x0000000000000001,0.25,122089
21:37:40,22.42,34,N/A,210,405,0,13958,0x0000000000000001,0.25,122088
21:37:42,22.42,34,N/A,210,405,0,13958,0x0000000000000001,0.22,122091
21:37:44,22.25,34,N/A,210,405,0,13958,0x0000000000000001,0.22,122076
21:37:47,22.28,34,N/A,210,405,0,13958,0x0000000000000001,0.22,122089
21:37:49,22.38,34,N/A,210,405,0,13958,0x0000000000000001,0.21,122089
21:37:51,22.25,34,N/A,210,405,0,13958,0x0000000000000001,0.21,122093
21:37:53,22.26,34,N/A,210,405,0,13958,0x0000000000000001,0.19,122093
21:37:55,22.40,34,N/A,210,405,0,13958,0x0000000000000001,0.19,122092
21:37:57,22.53,34,N/A,210,405,0,13958,0x0000000000000001,0.19,122091
21:37:59,22.36,34,N/A,210,405,0,13958,0x0000000000000001,0.26,122090
21:38:01,22.46,34,N/A,210,405,0,13958,0x0000000000000001,0.26,122082
21:38:03,22.41,34,N/A,210,405,0,13958,0x0000000000000001,0.23,122091
21:38:05,22.31,34,N/A,210,405,0,13958,0x0000000000000001,0.23,122089
21:38:07,22.40,34,N/A,210,405,0,13958,0x0000000000000001,0.22,122094
21:38:09,22.33,34,N/A,210,405,0,13958,0x0000000000000001,0.22,122093
21:38:11,22.55,34,N/A,210,405,0,13958,0x0000000000000001,0.22,122094
21:38:13,22.48,34,N/A,210,405,0,13958,0x0000000000000001,0.20,122094
21:38:15,22.43,34,N/A,210,405,0,13958,0x0000000000000001,0.20,122093
21:38:17,22.40,34,N/A,210,405,0,13958,0x0000000000000001,0.18,122099
21:38:19,22.67,34,N/A,210,405,0,13958,0x0000000000000001,0.18,122097
21:38:21,22.44,34,N/A,210,405,0,13958,0x0000000000000001,0.18,122097
21:38:23,22.38,34,N/A,210,405,0,13958,0x0000000000000001,0.17,122100
21:38:25,22.50,34,N/A,210,405,0,13958,0x0000000000000001,0.17,122099
21:38:27,22.42,34,N/A,210,405,0,13958,0x0000000000000001,0.15,122104
21:38:30,22.23,34,N/A,210,405,0,13958,0x0000000000000001,0.15,122102
21:38:32,22.18,34,N/A,210,405,0,13958,0x0000000000000001,0.15,122096
21:38:34,22.26,34,N/A,210,405,0,13958,0x0000000000000001,0.22,122095
21:38:36,22.34,34,N/A,210,405,0,13958,0x0000000000000001,0.22,122094
21:38:38,22.36,34,N/A,210,405,0,13958,0x0000000000000001,0.20,122095
21:38:40,22.48,34,N/A,210,405,0,13958,0x0000000000000001,0.20,122092
21:38:42,22.35,34,N/A,210,405,0,13958,0x0000000000000001,0.20,122086
21:38:44,22.36,34,N/A,210,405,0,13958,0x0000000000000001,0.27,122090
21:38:46,22.47,34,N/A,210,405,0,13958,0x0000000000000001,0.27,122090
21:38:48,22.36,34,N/A,210,405,0,13958,0x0000000000000001,0.33,122090
21:38:50,22.37,34,N/A,210,405,0,13958,0x0000000000000001,0.33,122094
21:38:52,22.36,34,N/A,210,405,0,13958,0x0000000000000001,0.30,122093
21:38:54,22.38,34,N/A,210,405,0,13958,0x0000000000000001,0.30,122092
21:38:56,22.53,34,N/A,210,405,0,13958,0x0000000000000001,0.30,122092
21:38:58,22.53,34,N/A,210,405,0,13958,0x0000000000000001,0.28,122091
21:39:00,22.25,34,N/A,210,405,0,13958,0x0000000000000001,0.28,122089
21:39:02,22.35,34,N/A,210,405,0,13958,0x0000000000000001,0.25,122090
21:39:04,22.37,34,N/A,210,405,0,13958,0x0000000000000001,0.25,122086
21:39:06,22.17,34,N/A,210,405,0,13958,0x0000000000000001,0.25,122087
21:39:08,22.34,34,N/A,210,405,0,13958,0x0000000000000001,0.31,122087
21:39:11,22.48,34,N/A,210,405,0,13958,0x0000000000000001,0.31,122083
21:39:13,22.52,34,N/A,210,405,0,13958,0x0000000000000001,0.29,122085
21:39:15,22.30,34,N/A,210,405,0,13958,0x0000000000000001,0.29,122084
21:39:17,22.29,34,N/A,210,405,0,13958,0x0000000000000001,0.29,122076
21:39:19,22.34,34,N/A,210,405,0,13958,0x0000000000000001,0.26,122081
21:39:21,22.35,34,N/A,210,405,0,13958,0x0000000000000001,0.26,122088
21:39:23,22.41,34,N/A,210,405,0,13958,0x0000000000000001,0.24,122088
21:39:25,22.39,34,N/A,210,405,0,13958,0x0000000000000001,0.24,122085
21:39:27,22.30,34,N/A,210,405,0,13958,0x0000000000000001,0.30,122085
21:39:29,22.41,34,N/A,210,405,0,13958,0x0000000000000001,0.30,122088
21:39:31,22.39,34,N/A,210,405,0,13958,0x0000000000000001,0.30,122072
21:39:33,22.28,34,N/A,210,405,0,13958,0x0000000000000001,0.28,122086
21:39:35,22.17,34,N/A,210,405,0,13958,0x0000000000000001,0.28,122086
21:39:37,22.16,34,N/A,210,405,0,13958,0x0000000000000001,0.26,122085
21:39:39,22.18,34,N/A,210,405,0,13958,0x0000000000000001,0.26,122083
21:39:41,22.05,34,N/A,210,405,0,13958,0x0000000000000001,0.26,122088
21:39:43,22.31,34,N/A,210,405,0,13958,0x0000000000000001,0.24,122087
21:39:45,22.37,34,N/A,210,405,0,13958,0x0000000000000001,0.24,122086
21:39:47,22.17,34,N/A,210,405,0,13958,0x0000000000000001,0.22,122089
21:39:49,22.27,34,N/A,210,405,0,13958,0x0000000000000001,0.22,122088
21:39:51,22.38,34,N/A,210,405,0,13958,0x0000000000000001,0.22,122087
21:39:54,22.28,34,N/A,210,405,0,13958,0x0000000000000001,0.20,122085
21:39:56,22.39,34,N/A,210,405,0,13958,0x0000000000000001,0.20,122084
21:39:58,22.37,34,N/A,210,405,0,13958,0x0000000000000001,0.18,122086
21:40:00,22.34,34,N/A,210,405,0,13958,0x0000000000000001,0.18,122090
21:40:02,22.39,34,N/A,210,405,0,13958,0x0000000000000001,0.18,122086
21:40:04,22.43,34,N/A,210,405,0,13958,0x0000000000000001,0.17,122093
21:40:06,22.36,34,N/A,210,405,0,13958,0x0000000000000001,0.17,122091
21:40:08,22.36,34,N/A,210,405,0,13958,0x0000000000000001,0.15,122089
21:40:10,22.27,34,N/A,210,405,0,13958,0x0000000000000001,0.15,122086
21:40:12,22.24,34,N/A,210,405,0,13958,0x0000000000000001,0.14,122086
21:40:14,22.40,34,N/A,210,405,0,13958,0x0000000000000001,0.14,122088
21:40:16,22.32,34,N/A,210,405,0,13958,0x0000000000000001,0.14,122087
21:40:18,22.42,34,N/A,210,405,0,13958,0x0000000000000001,0.21,122089
21:40:20,22.39,34,N/A,210,405,0,13958,0x0000000000000001,0.21,122089
21:40:22,22.39,34,N/A,210,405,0,13958,0x0000000000000001,0.19,122089
21:40:24,22.43,34,N/A,210,405,0,13958,0x0000000000000001,0.19,122088
21:40:26,22.38,34,N/A,210,405,0,13958,0x0000000000000001,0.19,122092
21:40:28,22.39,34,N/A,210,405,0,13958,0x0000000000000001,0.18,122094
21:40:30,22.47,34,N/A,210,405,0,13958,0x0000000000000001,0.18,122092
21:40:32,22.40,34,N/A,210,405,0,13958,0x0000000000000001,0.24,122100
21:40:34,22.36,34,N/A,210,405,0,13958,0x0000000000000001,0.24,122099
21:40:37,22.43,34,N/A,210,405,0,13958,0x0000000000000001,0.24,122096
21:40:39,22.28,34,N/A,210,405,0,13958,0x0000000000000001,0.30,122094
21:40:41,22.15,34,N/A,210,405,0,13958,0x0000000000000001,0.30,122092
21:40:43,22.18,34,N/A,210,405,0,13958,0x0000000000000001,0.36,122088
21:40:45,22.25,34,N/A,210,405,0,13958,0x0000000000000001,0.36,122087
21:40:47,22.22,34,N/A,210,405,0,13958,0x0000000000000001,0.36,122070
21:40:49,22.22,34,N/A,210,405,0,13958,0x0000000000000001,0.49,122085
21:40:51,22.43,34,N/A,210,405,0,13958,0x0000000000000001,0.49,122084
21:40:53,22.43,34,N/A,210,405,0,13958,0x0000000000000001,0.45,122082
21:40:55,22.38,34,N/A,210,405,0,13958,0x0000000000000001,0.45,122082
21:40:57,22.19,34,N/A,210,405,0,13958,0x0000000000000001,0.42,122085
21:40:59,22.28,34,N/A,210,405,0,13958,0x0000000000000001,0.42,122085
21:41:01,22.11,34,N/A,210,405,0,13958,0x0000000000000001,0.42,122089
21:41:03,22.05,34,N/A,210,405,0,13958,0x0000000000000001,0.38,122087
21:41:05,22.21,34,N/A,210,405,0,13958,0x0000000000000001,0.38,122086
21:41:07,22.25,34,N/A,210,405,0,13958,0x0000000000000001,0.35,122083
21:41:09,22.47,34,N/A,210,405,0,13958,0x0000000000000001,0.35,122082
21:41:11,22.36,34,N/A,210,405,0,13958,0x0000000000000001,0.35,122076
21:41:13,22.15,34,N/A,210,405,0,13958,0x0000000000000001,0.32,122072
21:41:15,22.28,34,N/A,210,405,0,13958,0x0000000000000001,0.32,122073
21:41:17,22.27,34,N/A,210,405,0,13958,0x0000000000000001,0.30,122069
21:41:20,22.18,34,N/A,210,405,0,13958,0x0000000000000001,0.30,122086
21:41:22,22.18,34,N/A,210,405,0,13958,0x0000000000000001,0.30,122084
21:41:24,22.09,34,N/A,210,405,0,13958,0x0000000000000001,0.27,122083
21:41:26,22.19,34,N/A,210,405,0,13958,0x0000000000000001,0.27,122084
21:41:28,22.23,34,N/A,210,405,0,13958,0x0000000000000001,0.25,122089
21:41:30,22.34,34,N/A,210,405,0,13958,0x0000000000000001,0.25,122088
21:41:32,22.36,34,N/A,210,405,0,13958,0x0000000000000001,0.25,122086
21:41:34,22.30,34,N/A,210,405,0,13958,0x0000000000000001,0.23,122087
21:41:36,22.18,34,N/A,210,405,0,13958,0x0000000000000001,0.23,122089
21:41:38,22.26,34,N/A,210,405,0,13958,0x0000000000000001,0.21,122091
21:41:40,22.17,34,N/A,210,405,0,13958,0x0000000000000001,0.21,122091
21:41:42,22.10,34,N/A,210,405,0,13958,0x0000000000000001,0.28,122087
21:41:44,21.89,34,N/A,210,405,0,13958,0x0000000000000001,0.28,122092
21:41:46,21.91,34,N/A,210,405,0,13958,0x0000000000000001,0.28,122092
21:41:48,22.11,34,N/A,210,405,0,13958,0x0000000000000001,0.33,122095
21:41:50,22.10,34,N/A,210,405,0,13958,0x0000000000000001,0.33,122094
21:41:52,22.17,34,N/A,210,405,0,13958,0x0000000000000001,0.31,122090
21:41:54,22.38,34,N/A,210,405,0,13958,0x0000000000000001,0.31,122093
21:41:56,22.32,34,N/A,210,405,0,13958,0x0000000000000001,0.31,122092
21:41:58,22.17,34,N/A,210,405,0,13958,0x0000000000000001,0.28,122091
21:42:01,22.21,34,N/A,210,405,0,13958,0x0000000000000001,0.28,122091
21:42:03,22.31,34,N/A,210,405,0,13958,0x0000000000000001,0.26,122090
21:42:05,22.27,34,N/A,210,405,0,13958,0x0000000000000001,0.26,121961
21:42:07,22.30,34,N/A,210,405,0,13958,0x0000000000000001,0.26,122086
21:42:09,22.27,34,N/A,210,405,0,13958,0x0000000000000001,0.24,122086
21:42:11,22.32,34,N/A,210,405,0,13958,0x0000000000000001,0.24,122086
21:42:13,22.34,34,N/A,210,405,0,13958,0x0000000000000001,0.22,122086
21:42:15,22.35,34,N/A,210,405,0,13958,0x0000000000000001,0.22,122085
21:42:17,22.36,34,N/A,210,405,0,13958,0x0000000000000001,0.22,122086
21:42:19,22.18,34,N/A,210,405,0,13958,0x0000000000000001,0.20,122080
21:42:21,22.32,34,N/A,210,405,0,13958,0x0000000000000001,0.20,122078
21:42:23,22.23,34,N/A,210,405,0,13958,0x0000000000000001,0.18,122081
21:42:25,22.25,34,N/A,210,405,0,13958,0x0000000000000001,0.18,122079
21:42:27,22.22,34,N/A,210,405,0,13958,0x0000000000000001,0.17,122076
21:42:29,22.18,34,N/A,210,405,0,13958,0x0000000000000001,0.17,122074
21:42:31,22.11,34,N/A,210,405,0,13958,0x0000000000000001,0.17,122075
21:42:33,22.28,34,N/A,210,405,0,13958,0x0000000000000001,0.16,122077
21:42:35,22.24,34,N/A,210,405,0,13958,0x0000000000000001,0.16,122070
21:42:37,22.42,34,N/A,210,405,0,13958,0x0000000000000001,0.14,122071
21:42:39,22.31,34,N/A,210,405,0,13958,0x0000000000000001,0.14,122070
21:42:41,22.37,34,N/A,210,405,0,13958,0x0000000000000001,0.14,122069
21:42:44,22.33,34,N/A,210,405,0,13958,0x0000000000000001,0.37,122068
21:42:46,22.37,34,N/A,210,405,0,13958,0x0000000000000001,0.37,122068
21:42:48,22.41,34,N/A,210,405,0,13958,0x0000000000000001,0.42,122066
21:42:50,22.19,34,N/A,210,405,0,13958,0x0000000000000001,0.42,122068
21:42:52,22.20,34,N/A,210,405,0,13958,0x0000000000000001,0.42,122068
21:42:54,22.48,34,N/A,210,405,0,13958,0x0000000000000001,0.47,122068
21:42:56,22.36,34,N/A,210,405,0,13958,0x0000000000000001,0.47,122066
21:42:58,22.49,34,N/A,210,405,0,13958,0x0000000000000001,0.43,122067
21:43:00,22.28,34,N/A,210,405,0,13958,0x0000000000000001,0.43,122066
21:43:02,22.36,34,N/A,210,405,0,13958,0x0000000000000001,0.43,122073
21:43:04,22.34,34,N/A,210,405,0,13958,0x0000000000000001,0.48,122054
21:43:06,22.31,34,N/A,210,405,0,13958,0x0000000000000001,0.48,122065
21:43:08,22.32,34,N/A,210,405,0,13958,0x0000000000000001,0.44,122062
21:43:10,22.32,34,N/A,210,405,0,13958,0x0000000000000001,0.44,122061
21:43:12,22.37,34,N/A,210,405,0,13958,0x0000000000000001,0.40,122073
21:43:14,22.22,34,N/A,210,405,0,13958,0x0000000000000001,0.40,122072
21:43:16,22.30,34,N/A,210,405,0,13958,0x0000000000000001,0.40,122075
21:43:18,22.20,34,N/A,210,405,0,13958,0x0000000000000001,0.37,122073
21:43:20,22.28,34,N/A,210,405,0,13958,0x0000000000000001,0.37,121936
21:43:22,22.27,34,N/A,210,405,0,13958,0x0000000000000001,1.62,121661
21:43:24,22.27,34,N/A,210,405,0,13958,0x0000000000000001,1.62,121870
21:43:27,22.44,34,N/A,210,405,0,13958,0x0000000000000001,1.62,121594
21:43:29,36.65,35,N/A,2505,9501,24,15585,0x0000000000000000,1.57,121809
21:43:31,74.33,36,N/A,2775,9501,39,20609,0x0000000000000000,1.57,121720
21:43:33,184.12,44,N/A,1425,9501,100,23939,0x0000000000000004,1.53,121693
21:43:35,297.08,46,N/A,1395,9501,100,23939,0x0000000000000004,1.53,121704
21:43:37,299.61,48,N/A,1350,9501,100,23939,0x0000000000000004,1.53,121701
21:43:39,292.29,49,N/A,1545,9501,99,23939,0x0000000000000004,1.48,121704
21:43:41,296.38,50,N/A,1365,9501,100,23939,0x0000000000000004,1.48,121701
21:43:43,298.47,52,N/A,1305,9501,100,24131,0x0000000000000004,1.45,121698
21:43:45,95.02,45,N/A,2775,9501,14,14721,0x0000000000000000,1.45,121825
21:43:47,63.28,44,N/A,2505,9501,21,16193,0x0000000000000000,1.45,121674
21:43:49,61.15,44,N/A,2505,9501,10,17953,0x0000000000000000,1.41,121645
21:43:51,61.27,44,N/A,2505,9501,10,19809,0x0000000000000000,1.41,121647
21:43:53,60.98,44,N/A,2505,9501,10,21569,0x0000000000000000,1.46,121818
21:43:55,61.23,44,N/A,2505,9501,41,23521,0x0000000000000000,1.46,121824
21:43:57,287.70,53,N/A,1770,9501,96,23721,0x0000000000000004,1.42,121494
21:43:59,78.24,46,N/A,2775,9501,0,13958,0x0000000000000000,1.42,122091
21:44:01,56.89,45,N/A,360,5001,0,13958,0x0000000000000001,1.42,122091
21:44:03,39.36,45,N/A,210,5001,0,13958,0x0000000000000001,1.31,122096
21:44:05,35.51,44,N/A,210,810,0,13958,0x0000000000000001,1.31,122087
21:44:07,28.31,44,N/A,210,405,0,13958,0x0000000000000001,1.20,122090
21:44:09,25.86,44,N/A,210,405,0,13958,0x0000000000000001,1.20,122089
21:44:12,26.17,43,N/A,210,405,0,13958,0x0000000000000001,1.20,122088
21:44:14,26.16,43,N/A,210,405,0,13958,0x0000000000000001,1.10,122085
21:44:16,26.02,43,N/A,210,405,0,13958,0x0000000000000001,1.10,122084
21:44:18,25.65,43,N/A,210,405,0,13958,0x0000000000000001,1.02,122084
21:44:20,25.39,43,N/A,210,405,0,13958,0x0000000000000001,1.02,122081
21:44:22,25.46,42,N/A,210,405,0,13958,0x0000000000000001,1.02,122087
21:44:24,25.18,42,N/A,210,405,0,13958,0x0000000000000001,0.93,122082
21:44:26,25.31,42,N/A,210,405,0,13958,0x0000000000000001,0.93,122084
21:44:28,25.56,42,N/A,210,405,0,13958,0x0000000000000001,0.86,122085
21:44:30,25.57,42,N/A,210,405,0,13958,0x0000000000000001,0.86,122083
21:44:32,25.27,42,N/A,210,405,0,13958,0x0000000000000001,0.86,122082
21:44:34,24.78,41,N/A,210,405,0,13958,0x0000000000000001,0.79,122081
21:44:36,24.63,41,N/A,210,405,0,13958,0x0000000000000001,0.79,122081
21:44:38,24.79,41,N/A,210,405,0,13958,0x0000000000000001,0.81,122078
21:44:40,24.10,41,N/A,210,405,0,13958,0x0000000000000001,0.81,122077
21:44:42,24.31,41,N/A,210,405,0,13958,0x0000000000000001,1.14,122071
21:44:44,24.32,41,N/A,210,405,0,13958,0x0000000000000001,1.14,122066
21:44:46,24.19,41,N/A,210,405,0,13958,0x0000000000000001,1.14,122065
21:44:48,23.90,41,N/A,210,405,0,13958,0x0000000000000001,1.05,121946
21:44:50,23.81,40,N/A,210,405,0,13958,0x0000000000000001,1.05,121608
21:44:52,23.75,40,N/A,210,405,0,13958,0x0000000000000001,1.05,121917
21:44:55,23.43,40,N/A,210,405,0,13958,0x0000000000000001,1.05,121542
21:44:57,32.39,41,N/A,2505,9501,14,14561,0x0000000000000000,1.05,121811
21:44:59,59.60,41,N/A,2505,9501,10,15617,0x0000000000000000,1.12,121728
21:45:01,60.11,41,N/A,2505,9501,10,17313,0x0000000000000000,1.12,121757
21:45:03,60.40,41,N/A,2505,9501,14,19137,0x0000000000000000,1.11,121810
21:45:05,60.68,41,N/A,2505,9501,14,20897,0x0000000000000000,1.11,121773
21:45:07,60.86,41,N/A,2505,9501,24,22657,0x0000000000000000,1.11,121714
21:45:09,224.05,50,N/A,1335,9501,100,24041,0x0000000000000004,1.10,121466
21:45:11,297.14,51,N/A,2235,9501,99,24041,0x0000000000000004,1.10,121460
21:45:13,300.12,54,N/A,1275,9501,99,24041,0x0000000000000004,1.18,121453
21:45:15,298.52,55,N/A,1185,9501,98,24041,0x0000000000000004,1.18,121452
21:45:17,77.58,47,N/A,2760,9501,23,15617,0x0000000000000000,1.18,121703
21:45:19,62.86,47,N/A,2505,9501,14,17377,0x0000000000000000,1.16,121683
21:45:21,62.73,46,N/A,2505,9501,14,19137,0x0000000000000000,1.16,121791
21:45:23,62.51,46,N/A,2505,9501,15,20897,0x0000000000000000,1.15,121800
21:45:25,62.71,46,N/A,2505,9501,24,22657,0x0000000000000000,1.15,121741
21:45:27,246.66,54,N/A,1335,9501,97,24041,0x0000000000000004,1.14,121462
21:45:29,298.45,56,N/A,2325,9501,99,24041,0x0000000000000004,1.14,121459
21:45:31,299.94,58,N/A,1260,9501,99,24041,0x0000000000000004,1.14,121455
21:45:33,298.73,60,N/A,1575,9501,100,23657,0x0000000000000004,1.13,121455
21:45:35,79.38,52,N/A,2505,9501,14,15745,0x0000000000000000,1.13,121670
21:45:37,65.24,51,N/A,2505,9501,14,17537,0x0000000000000000,1.12,121689
21:45:39,65.16,51,N/A,2505,9501,10,19297,0x0000000000000000,1.12,121663
21:45:42,64.96,50,N/A,2505,9501,24,21057,0x0000000000000000,1.12,121648
21:45:44,65.05,50,N/A,2505,9501,14,22817,0x0000000000000000,1.11,121676
21:45:46,289.75,58,N/A,1440,9501,100,24041,0x0000000000000004,1.11,121460
21:45:48,298.07,60,N/A,2055,9501,99,24041,0x0000000000000004,1.10,121459
21:45:50,298.62,62,N/A,1200,9501,96,24041,0x0000000000000004,1.10,121466
21:45:52,292.52,58,N/A,2610,9501,88,18217,0x0000000000000004,1.10,121467
21:45:54,82.79,55,N/A,2505,9501,13,15329,0x0000000000000000,1.09,121683
21:45:56,66.19,55,N/A,2505,9501,23,17089,0x0000000000000000,1.09,121649
21:45:58,65.97,54,N/A,2505,9501,10,18945,0x0000000000000000,1.08,121641
21:46:00,66.11,54,N/A,2505,9501,10,20705,0x0000000000000000,1.08,121763
21:46:02,66.06,54,N/A,2505,9501,14,22497,0x0000000000000000,1.08,121794
21:46:04,199.07,62,N/A,1230,9501,100,24041,0x0000000000000004,1.16,121468
21:46:06,298.43,63,N/A,2100,9501,99,24041,0x0000000000000004,1.16,121458
21:46:08,299.88,65,N/A,1155,9501,96,24041,0x0000000000000004,1.14,121459
21:46:10,299.22,66,N/A,1215,9501,96,24041,0x0000000000000004,1.14,121458
21:46:12,86.25,59,N/A,2745,9501,0,14977,0x0000000000000000,1.13,121776
21:46:14,67.36,58,N/A,2505,9501,9,16641,0x0000000000000000,1.13,121750
21:46:16,67.27,58,N/A,2505,9501,21,18401,0x0000000000000000,1.13,121693
21:46:18,67.14,57,N/A,2505,9501,14,20161,0x0000000000000000,1.12,121672
21:46:20,67.07,57,N/A,2505,9501,18,21921,0x0000000000000000,1.12,121655
21:46:22,69.52,63,N/A,2205,9501,18,23817,0x0000000000000000,1.11,121469
21:46:24,295.39,64,N/A,2190,9501,99,24041,0x0000000000000004,1.11,121461
21:46:27,298.96,67,N/A,1680,9501,99,24041,0x0000000000000004,1.11,121465
21:46:29,298.91,68,N/A,1185,9501,100,24041,0x0000000000000004,1.10,121463
21:46:31,148.08,62,N/A,2745,9501,10,14593,0x0000000000000000,1.10,121699
21:46:33,73.46,61,N/A,2505,9501,14,16001,0x0000000000000000,1.09,121726
21:46:35,67.93,60,N/A,2505,9501,14,17825,0x0000000000000000,1.09,121730
21:46:37,67.93,60,N/A,2505,9501,14,19585,0x0000000000000000,1.09,121664
21:46:39,67.53,59,N/A,2505,9501,10,21345,0x0000000000000000,1.17,121632
21:46:41,67.45,59,N/A,2505,9501,10,23201,0x0000000000000000,1.17,121732
21:46:43,294.28,67,N/A,1875,9501,98,24041,0x0000000000000004,1.15,121457
21:46:45,298.45,68,N/A,1980,9501,99,24041,0x0000000000000004,1.15,121458
21:46:47,298.52,69,N/A,1245,9501,99,24041,0x0000000000000004,1.15,121457
21:46:49,250.14,64,N/A,2745,9501,21,13958,0x0000000000000000,1.14,122075
21:46:51,82.93,62,N/A,600,5001,0,13958,0x0000000000000001,1.14,122076
21:46:53,45.70,61,N/A,240,5001,0,13958,0x0000000000000001,1.21,122087
21:46:55,43.56,60,N/A,210,810,0,13958,0x0000000000000001,1.21,122085
21:46:57,36.98,59,N/A,210,405,0,13958,0x0000000000000001,1.21,122089
21:46:59,32.88,59,N/A,210,405,0,13958,0x0000000000000001,1.19,122089
21:47:01,32.81,58,N/A,210,405,0,13958,0x0000000000000001,1.19,122088
21:47:03,32.74,58,N/A,210,405,0,13958,0x0000000000000001,1.10,122086
21:47:05,32.72,57,N/A,210,405,0,13958,0x0000000000000001,1.10,122089
21:47:07,32.71,57,N/A,210,405,0,13958,0x0000000000000001,1.09,122089
21:47:09,32.68,56,N/A,210,405,0,13958,0x0000000000000001,1.09,122090
21:47:12,32.65,56,N/A,210,405,0,13958,0x0000000000000001,1.09,122088
21:47:14,32.62,55,N/A,210,405,0,13958,0x0000000000000001,1.00,122088
21:47:16,32.54,55,N/A,210,405,0,13958,0x0000000000000001,1.00,122089
21:47:18,32.44,54,N/A,210,405,0,13958,0x0000000000000001,0.92,122087
21:47:20,32.48,54,N/A,210,405,0,13958,0x0000000000000001,0.92,122086
21:47:22,32.47,54,N/A,210,405,0,13958,0x0000000000000001,0.92,122083
21:47:24,32.39,53,N/A,210,405,0,13958,0x0000000000000001,0.85,122090
21:47:26,32.36,53,N/A,210,405,0,13958,0x0000000000000001,0.85,122089
21:47:28,32.31,53,N/A,210,405,0,13958,0x0000000000000001,0.78,122089
21:47:30,32.16,52,N/A,210,405,0,13958,0x0000000000000001,0.78,122088
21:47:32,32.19,52,N/A,210,405,0,13958,0x0000000000000001,0.78,122087
21:47:34,32.16,52,N/A,210,405,0,13958,0x0000000000000001,0.72,122042
21:47:36,285.31,62,N/A,2535,9501,94,14475,0x0000000000000004,0.72,121571
21:47:38,288.19,63,N/A,1995,9501,96,14475,0x0000000000000004,0.74,121557
21:47:40,290.24,66,N/A,1860,9501,97,14475,0x0000000000000004,0.74,121567
21:47:42,295.47,67,N/A,1650,9501,97,14475,0x0000000000000004,0.74,121567
21:47:44,295.31,67,N/A,1830,9501,98,14475,0x0000000000000004,0.84,121559
21:47:46,293.27,70,N/A,1470,9501,98,14475,0x0000000000000004,0.84,121558
21:47:48,293.36,69,N/A,1815,9501,98,14475,0x0000000000000004,0.85,121562
21:47:50,295.75,71,N/A,1905,9501,99,14507,0x0000000000000004,0.85,121563
21:47:52,295.95,72,N/A,1905,9501,99,14507,0x0000000000000004,0.87,121565
21:47:54,284.90,73,N/A,2475,9501,94,14475,0x0000000000000004,0.87,121567
21:47:57,287.39,72,N/A,2355,9501,96,14475,0x0000000000000004,0.87,121564
21:47:59,295.62,74,N/A,1815,9501,96,14475,0x0000000000000004,0.88,121568
21:48:01,299.12,74,N/A,1785,9501,96,14475,0x0000000000000004,0.88,121565
21:48:03,300.74,77,N/A,1350,9501,99,14475,0x0000000000000004,0.89,121566
21:48:05,295.19,77,N/A,1785,9501,99,14475,0x0000000000000004,0.89,121565
21:48:07,298.49,78,N/A,1470,9501,98,14475,0x0000000000000004,0.89,121557
21:48:09,295.30,77,N/A,1830,9501,98,14475,0x0000000000000004,0.90,121561
21:48:11,298.18,78,N/A,1305,9501,99,14507,0x0000000000000004,0.90,121561
21:48:13,295.19,76,N/A,1740,9501,97,14539,0x0000000000000004,0.98,121559
21:48:15,295.21,77,N/A,1470,9501,99,14539,0x0000000000000004,0.98,121557
21:48:17,296.10,79,N/A,1350,9501,100,14539,0x0000000000000004,0.98,121569
21:48:19,291.72,80,N/A,930,9501,97,14571,0x0000000000000004,0.99,121570
21:48:21,293.97,79,N/A,1290,9501,98,14571,0x0000000000000004,0.99,121569
21:48:23,297.24,79,N/A,915,9501,99,14571,0x0000000000000004,0.99,121568
21:48:25,295.44,78,N/A,1455,9501,99,14571,0x0000000000000004,0.99,121570
21:48:27,292.72,81,N/A,1320,9501,100,14571,0x0000000000000004,0.99,121570
21:48:29,297.07,79,N/A,930,9501,99,14571,0x0000000000000004,0.99,121570
21:48:31,299.10,80,N/A,825,9501,99,14571,0x0000000000000004,0.99,121571
21:48:33,293.62,80,N/A,1050,9501,99,14571,0x0000000000000004,0.99,121570
21:48:35,290.56,81,N/A,1080,9501,100,14571,0x0000000000000004,0.99,121570
21:48:37,297.18,81,N/A,870,9501,100,14603,0x0000000000000004,0.99,121563
21:48:39,300.55,81,N/A,1095,9501,100,14603,0x0000000000000004,0.99,121572
21:48:41,297.44,82,N/A,870,9501,100,14603,0x0000000000000004,0.99,121569
21:48:43,298.89,83,N/A,1215,9501,100,14603,0x0000000000000004,0.99,121568
21:48:46,300.12,82,N/A,765,9501,100,14603,0x0000000000000004,0.99,121567
21:48:48,294.11,83,N/A,930,9501,100,14635,0x0000000000000004,0.99,121567
21:48:50,294.87,82,N/A,780,9501,100,14635,0x0000000000000004,0.99,121565
21:48:52,298.64,82,N/A,690,9501,100,14635,0x0000000000000004,0.99,121563
21:48:54,291.44,82,N/A,1485,9501,100,14635,0x0000000000000004,0.99,121561
21:48:56,295.89,83,N/A,1185,9501,100,14635,0x0000000000000004,0.99,121564
21:48:58,294.91,83,N/A,1575,9501,100,14635,0x0000000000000004,0.99,121564
21:49:00,298.66,85,N/A,690,9501,100,14635,0x0000000000000004,0.99,121563
21:49:02,292.36,83,N/A,1515,9501,100,14635,0x0000000000000004,0.99,121561
21:49:04,297.95,84,N/A,750,9501,100,14667,0x0000000000000004,1.00,121561
21:49:06,293.28,84,N/A,1410,9501,100,14667,0x0000000000000004,1.00,121555
21:49:08,297.40,85,N/A,1200,9501,100,14667,0x0000000000000004,1.00,121555
21:49:10,296.33,83,N/A,1485,9501,100,14667,0x0000000000000004,1.00,121563
21:49:12,294.47,85,N/A,1005,9501,100,14667,0x0000000000000004,1.00,121559
21:49:14,295.92,84,N/A,1215,9501,100,14667,0x0000000000000004,1.00,121558
21:49:16,298.45,84,N/A,705,9501,100,14667,0x0000000000000004,1.00,121563
21:49:18,296.22,83,N/A,1170,9501,100,14667,0x0000000000000004,1.08,121561
21:49:20,300.80,84,N/A,840,9501,100,14667,0x0000000000000004,1.08,121559
21:49:22,296.17,86,N/A,1230,9501,100,14667,0x0000000000000004,1.08,121558
21:49:24,298.76,84,N/A,1110,9501,100,14667,0x0000000000000004,1.15,121549
21:49:26,295.89,85,N/A,720,9501,100,14667,0x0000000000000004,1.15,121564
21:49:28,296.51,84,N/A,885,9501,100,14699,0x0000000000000004,1.14,121564
21:49:30,296.75,85,N/A,1335,9501,100,14699,0x0000000000000004,1.14,121563
21:49:33,298.98,86,N/A,975,9501,100,14699,0x0000000000000004,1.13,121569
21:49:35,293.43,84,N/A,975,9501,100,14699,0x0000000000000004,1.13,121569
21:49:37,298.46,84,N/A,840,9501,100,14699,0x0000000000000004,1.13,121563
21:49:39,299.12,86,N/A,915,9501,100,14699,0x0000000000000004,1.12,121563
21:49:41,297.59,85,N/A,795,9501,100,14699,0x0000000000000004,1.12,121568
21:49:43,296.79,84,N/A,900,9501,100,14699,0x0000000000000004,1.11,121569
21:49:45,297.81,85,N/A,1380,9501,100,14699,0x0000000000000004,1.11,121564
21:49:47,298.27,85,N/A,750,9501,100,14699,0x0000000000000004,1.11,121561
21:49:49,298.53,84,N/A,780,9501,100,14699,0x0000000000000004,1.10,121564
21:49:51,260.41,85,N/A,2640,9501,96,14507,0x0000000000000000,1.10,121562
21:49:53,281.09,83,N/A,2580,9501,98,14507,0x0000000000000004,1.09,121563
21:49:55,286.89,85,N/A,2355,9501,98,14507,0x0000000000000004,1.09,121543
21:49:57,286.91,87,N/A,1920,9501,97,14507,0x0000000000000004,1.09,121571
21:49:59,291.36,83,N/A,1635,9501,97,14507,0x0000000000000004,1.08,121569
21:50:01,290.95,84,N/A,2115,9501,99,14507,0x0000000000000004,1.08,121568
21:50:03,288.33,86,N/A,1665,9501,98,14507,0x0000000000000004,1.08,121568
21:50:05,293.37,85,N/A,1830,9501,100,14507,0x0000000000000004,1.08,121569
21:50:07,294.79,86,N/A,1620,9501,100,14507,0x0000000000000004,1.08,121567
21:50:09,293.01,85,N/A,1440,9501,100,14539,0x0000000000000004,1.07,121573
21:50:11,297.13,85,N/A,1455,9501,100,14539,0x0000000000000004,1.07,121572
21:50:13,294.92,86,N/A,1680,9501,100,14539,0x0000000000000004,1.06,121572
21:50:15,297.53,86,N/A,1125,9501,98,14539,0x0000000000000004,1.06,121566
21:50:17,295.02,87,N/A,1500,9501,98,14539,0x0000000000000004,1.06,121565
21:50:19,295.62,86,N/A,1230,9501,100,14539,0x0000000000000004,1.06,121572
21:50:22,296.25,88,N/A,1500,9501,98,14539,0x0000000000000004,1.06,121567
21:50:24,298.50,85,N/A,1080,9501,98,14539,0x0000000000000004,1.13,121568
21:50:26,296.60,85,N/A,2175,9501,100,14539,0x0000000000000004,1.13,121566
21:50:28,294.61,86,N/A,1665,9501,99,14539,0x0000000000000004,1.12,121570
21:50:30,294.71,85,N/A,1785,9501,100,14539,0x0000000000000004,1.12,121569
21:50:32,296.39,86,N/A,1275,9501,100,14539,0x0000000000000004,1.12,121567
21:50:34,295.28,85,N/A,1335,9501,99,14539,0x0000000000000004,1.11,121569
21:50:36,297.20,86,N/A,1485,9501,100,14539,0x0000000000000004,1.11,121569
21:50:38,296.90,86,N/A,1425,9501,100,14571,0x0000000000000004,1.10,121562
21:50:40,296.38,85,N/A,1530,9501,99,14571,0x0000000000000004,1.10,121563
21:50:42,296.01,86,N/A,1095,9501,99,14571,0x0000000000000004,1.10,121565
21:50:44,294.16,87,N/A,1560,9501,100,14571,0x0000000000000004,1.10,121569
21:50:46,295.17,86,N/A,1470,9501,100,14571,0x0000000000000004,1.10,121570
21:50:48,295.71,86,N/A,1095,9501,100,14539,0x0000000000000004,1.09,121569
21:50:50,294.53,86,N/A,1455,9501,100,14571,0x0000000000000004,1.09,121569
21:50:52,297.20,87,N/A,1020,9501,100,14571,0x0000000000000004,1.09,121560
21:50:54,295.58,86,N/A,1155,9501,100,14571,0x0000000000000004,1.08,121559
21:50:56,296.70,85,N/A,1065,9501,100,14571,0x0000000000000004,1.08,121565
21:50:58,293.86,87,N/A,1305,9501,100,14571,0x0000000000000004,1.07,121568
21:51:00,295.41,85,N/A,1560,9501,99,14571,0x0000000000000004,1.07,121567
21:51:02,298.36,86,N/A,1125,9501,100,14603,0x0000000000000004,1.07,121567
21:51:04,301.65,85,N/A,900,9501,100,14603,0x0000000000000004,1.23,121566
21:51:06,297.88,86,N/A,900,9501,100,14571,0x0000000000000004,1.23,121565
21:51:09,300.00,86,N/A,1260,9501,100,14571,0x0000000000000004,1.21,121559
21:51:11,298.10,86,N/A,1140,9501,100,14571,0x0000000000000004,1.21,121557
21:51:13,294.69,87,N/A,1065,9501,100,14603,0x0000000000000004,1.19,121560
21:51:15,297.78,86,N/A,945,9501,100,14603,0x0000000000000004,1.19,121550
21:51:17,292.54,85,N/A,1605,9501,100,14603,0x0000000000000004,1.19,121553
21:51:19,298.10,85,N/A,1230,9501,100,14603,0x0000000000000004,1.18,121552
21:51:21,296.95,87,N/A,1185,9501,100,14571,0x0000000000000004,1.18,121557
21:51:23,297.72,85,N/A,810,9501,100,14603,0x0000000000000004,1.16,121555
21:51:25,292.48,85,N/A,1635,9501,100,14603,0x0000000000000004,1.16,121554
21:51:27,295.78,84,N/A,1230,9501,100,14603,0x0000000000000004,1.16,121556
21:51:29,277.97,79,N/A,2505,9501,9,13958,0x0000000000000000,1.23,122071
21:51:31,82.14,76,N/A,480,5001,0,13958,0x0000000000000001,1.23,122071
21:51:33,57.45,74,N/A,210,810,0,13958,0x0000000000000001,1.13,122070
21:51:35,46.69,73,N/A,210,405,0,13958,0x0000000000000001,1.13,122069
21:51:37,43.94,71,N/A,210,405,0,13958,0x0000000000000001,1.13,122061
21:51:39,43.02,70,N/A,210,405,0,13958,0x0000000000000001,1.04,121992
21:51:41,42.12,69,N/A,210,405,0,13958,0x0000000000000001,1.04,121657
21:51:43,40.72,68,N/A,210,405,0,13958,0x0000000000000001,0.96,121853
21:51:45,39.30,67,N/A,210,405,0,13958,0x0000000000000001,0.96,121606
21:51:47,119.20,72,N/A,2505,9501,87,14731,0x0000000000000004,0.96,121550
21:51:49,293.67,75,N/A,2025,9501,93,14731,0x0000000000000004,0.96,121548
21:51:51,294.80,75,N/A,1530,9501,96,14731,0x0000000000000004,0.96,121554
21:51:54,296.87,75,N/A,1545,9501,97,14731,0x0000000000000004,0.96,121552
21:51:56,293.66,76,N/A,1470,9501,98,14731,0x0000000000000004,0.96,121557
21:51:58,296.28,77,N/A,1695,9501,98,14731,0x0000000000000004,0.97,121566
21:52:00,296.05,78,N/A,1200,9501,99,14731,0x0000000000000004,0.97,121561
21:52:02,295.28,80,N/A,1275,9501,100,14731,0x0000000000000004,0.97,121562
21:52:04,295.76,80,N/A,1620,9501,98,14731,0x0000000000000004,0.97,121563
21:52:06,297.75,82,N/A,1140,9501,100,14763,0x0000000000000004,0.97,121530
21:52:08,296.86,81,N/A,1380,9501,99,14763,0x0000000000000004,0.97,121427
21:52:10,289.35,79,N/A,2295,9501,93,14731,0x0000000000000004,0.97,121570
21:52:12,293.64,82,N/A,1740,9501,96,14731,0x0000000000000004,0.97,121560
21:52:14,297.38,81,N/A,1785,9501,97,14731,0x0000000000000004,0.97,121560
21:52:16,298.81,81,N/A,1305,9501,97,14731,0x0000000000000004,0.97,121572
21:52:18,299.81,81,N/A,1350,9501,97,14731,0x0000000000000004,0.98,121568
21:52:20,297.26,83,N/A,1410,9501,98,14731,0x0000000000000004,0.98,121566
21:52:22,296.41,83,N/A,1455,9501,99,14731,0x0000000000000004,0.98,121556
21:52:24,296.47,84,N/A,1455,9501,99,14731,0x0000000000000004,0.98,121558
21:52:26,295.88,84,N/A,1245,9501,99,14731,0x0000000000000004,0.98,121559
21:52:28,298.00,86,N/A,1005,9501,100,14763,0x0000000000000004,1.06,121555
21:52:30,299.84,81,N/A,1350,9501,99,14731,0x0000000000000004,1.06,121557
21:52:32,298.24,81,N/A,1095,9501,99,14731,0x0000000000000004,1.06,121557
21:52:34,297.24,82,N/A,1020,9501,98,14731,0x0000000000000004,1.14,121556
21:52:36,296.45,83,N/A,1230,9501,99,14731,0x0000000000000004,1.14,121556
21:52:38,295.35,83,N/A,1095,9501,100,14731,0x0000000000000004,1.21,121560
21:52:41,295.48,83,N/A,945,9501,98,14731,0x0000000000000004,1.21,121563
21:52:43,294.19,83,N/A,1005,9501,100,14731,0x0000000000000004,1.27,121566
21:52:45,294.61,83,N/A,1335,9501,99,14731,0x0000000000000004,1.27,121568
21:52:47,294.78,84,N/A,1185,9501,100,14731,0x0000000000000004,1.27,121570
21:52:49,297.99,84,N/A,990,9501,99,14731,0x0000000000000004,1.25,121570
21:52:51,294.46,84,N/A,1020,9501,100,14731,0x0000000000000004,1.25,121569
21:52:53,295.01,84,N/A,855,9501,99,14731,0x0000000000000004,1.23,121572
21:52:55,295.02,85,N/A,990,9501,100,14731,0x0000000000000004,1.23,121572
21:52:57,290.24,83,N/A,1650,9501,100,14763,0x0000000000000004,1.23,121568
21:52:59,296.08,84,N/A,765,9501,100,14763,0x0000000000000004,1.37,121561
21:53:01,292.92,84,N/A,1035,9501,100,14763,0x0000000000000004,1.37,121571
21:53:03,297.08,85,N/A,630,9501,100,14763,0x0000000000000004,1.34,121569
21:53:05,295.20,85,N/A,780,9501,100,14763,0x0000000000000004,1.34,121574
21:53:07,294.24,85,N/A,1185,9501,100,14795,0x0000000000000004,1.34,121574
21:53:09,297.07,86,N/A,720,9501,100,14795,0x0000000000000004,1.79,121566
21:53:11,301.25,85,N/A,660,9501,100,14795,0x0000000000000004,1.79,121567
21:53:13,292.93,85,N/A,1455,9501,100,14795,0x0000000000000004,1.73,121567
21:53:15,293.38,87,N/A,1275,9501,100,14795,0x0000000000000004,1.73,121563
21:53:17,295.43,85,N/A,1455,9501,100,14795,0x0000000000000004,1.73,121560
21:53:19,296.87,85,N/A,750,9501,100,14827,0x0000000000000004,1.67,121559
21:53:21,297.26,86,N/A,660,9501,99,14827,0x0000000000000004,1.67,121563
21:53:23,298.31,85,N/A,810,9501,100,14827,0x0000000000000004,1.70,121565
21:53:25,298.89,86,N/A,720,9501,99,14827,0x0000000000000004,1.70,121562
21:53:28,298.28,85,N/A,855,9501,100,14827,0x0000000000000004,1.70,121565
21:53:30,299.56,85,N/A,795,9501,100,14827,0x0000000000000004,1.72,121559
21:53:32,298.25,86,N/A,750,9501,100,14827,0x0000000000000004,1.72,121559
21:53:34,293.26,86,N/A,1530,9501,100,14827,0x0000000000000004,1.82,121558
21:53:36,296.89,87,N/A,930,9501,100,14827,0x0000000000000004,1.82,121558
21:53:38,296.15,85,N/A,1230,9501,100,14827,0x0000000000000004,1.76,121557
21:53:40,298.01,86,N/A,690,9501,100,14827,0x0000000000000004,1.76,121554
21:53:42,296.78,85,N/A,1050,9501,100,14859,0x0000000000000004,1.76,121553
21:53:44,296.07,86,N/A,1365,9501,100,14859,0x0000000000000004,1.70,121558
21:53:46,296.02,86,N/A,1320,9501,100,14859,0x0000000000000004,1.70,121557
21:53:48,295.23,85,N/A,1170,9501,100,14859,0x0000000000000004,1.64,121558
21:53:50,297.59,86,N/A,870,9501,100,14859,0x0000000000000004,1.64,121560
21:53:52,298.40,85,N/A,840,9501,100,14859,0x0000000000000004,1.64,121560
21:53:54,297.69,87,N/A,915,9501,100,14859,0x0000000000000004,1.59,121554
21:53:56,298.58,85,N/A,690,9501,100,14859,0x0000000000000004,1.59,121553
21:53:58,298.36,85,N/A,885,9501,100,14859,0x0000000000000004,1.54,121546
21:54:00,299.98,86,N/A,1545,9501,100,14859,0x0000000000000004,1.54,121555
21:54:02,296.55,87,N/A,990,9501,100,14891,0x0000000000000004,1.54,121552
21:54:04,295.65,86,N/A,1110,9501,100,14891,0x0000000000000004,1.50,121553
21:54:06,296.75,85,N/A,1665,9501,100,14891,0x0000000000000004,1.50,121551
21:54:08,294.86,87,N/A,1005,9501,100,14891,0x0000000000000004,1.46,121552
21:54:10,297.92,85,N/A,870,9501,100,14891,0x0000000000000004,1.46,121550
21:54:12,292.96,86,N/A,1515,9501,100,14891,0x0000000000000004,1.46,121553
21:54:15,299.22,86,N/A,720,9501,100,14891,0x0000000000000004,1.42,121559
21:54:17,284.80,83,N/A,2550,9501,99,14731,0x0000000000000004,1.42,121554
21:54:19,279.63,83,N/A,2070,9501,100,14731,0x0000000000000004,1.39,121553
21:54:21,288.26,84,N/A,2220,9501,99,14731,0x0000000000000004,1.39,121552
21:54:23,288.97,85,N/A,1395,9501,100,14731,0x0000000000000004,1.36,121552
21:54:25,292.54,85,N/A,1515,9501,99,14731,0x0000000000000004,1.36,121551
21:54:27,287.38,84,N/A,1890,9501,99,14731,0x0000000000000004,1.36,121549
21:54:29,291.70,84,N/A,1740,9501,99,14731,0x0000000000000004,1.33,121534
21:54:31,292.34,84,N/A,1305,9501,100,14731,0x0000000000000004,1.33,121546
21:54:33,292.30,86,N/A,1350,9501,100,14731,0x0000000000000004,1.30,121544
21:54:35,292.43,84,N/A,1140,9501,99,14731,0x0000000000000004,1.30,121546
21:54:37,296.13,84,N/A,990,9501,99,14731,0x0000000000000004,1.30,121545
21:54:39,294.15,85,N/A,1005,9501,99,14731,0x0000000000000004,1.68,121541
21:54:41,295.62,85,N/A,1050,9501,99,14731,0x0000000000000004,1.68,121542
21:54:43,293.72,85,N/A,1005,9501,99,14731,0x0000000000000004,1.62,121545
21:54:45,292.34,84,N/A,1110,9501,100,14731,0x0000000000000004,1.62,121544
21:54:47,298.73,84,N/A,960,9501,99,14731,0x0000000000000004,1.62,121542
21:54:49,297.50,86,N/A,1170,9501,100,14731,0x0000000000000004,1.57,121541
21:54:51,297.98,87,N/A,1125,9501,100,14731,0x0000000000000004,1.57,121541
21:54:53,296.38,85,N/A,1020,9501,99,14731,0x0000000000000004,1.53,121546
21:54:55,293.73,85,N/A,1470,9501,99,14731,0x0000000000000004,1.53,121554
21:54:57,296.55,85,N/A,900,9501,99,14731,0x0000000000000004,1.53,121558
21:54:59,295.80,86,N/A,1065,9501,99,14763,0x0000000000000004,1.48,121556
21:55:02,296.27,86,N/A,1170,9501,100,14763,0x0000000000000004,1.48,121569
21:55:04,293.35,85,N/A,1635,9501,100,14763,0x0000000000000004,1.44,121569
21:55:06,296.99,86,N/A,930,9501,99,14763,0x0000000000000004,1.44,121568
21:55:08,297.68,85,N/A,1305,9501,100,14763,0x0000000000000004,1.41,121565
21:55:10,297.45,86,N/A,840,9501,100,14763,0x0000000000000004,1.41,121568
21:55:12,296.07,85,N/A,1500,9501,99,14763,0x0000000000000004,1.41,121569
21:55:14,296.18,85,N/A,1245,9501,100,14763,0x0000000000000004,1.38,121568
21:55:16,296.56,87,N/A,975,9501,100,14795,0x0000000000000004,1.38,121568
21:55:18,295.98,85,N/A,1245,9501,100,14795,0x0000000000000004,1.35,121574
21:55:20,298.20,87,N/A,1200,9501,100,14795,0x0000000000000004,1.35,121574
21:55:22,293.94,85,N/A,1005,9501,100,14795,0x0000000000000004,1.35,121572
21:55:24,296.14,86,N/A,1020,9501,100,14795,0x0000000000000004,1.32,121565
21:55:26,296.64,87,N/A,1035,9501,100,14795,0x0000000000000004,1.32,121565
21:55:28,296.20,87,N/A,975,9501,100,14795,0x0000000000000004,1.29,121564
21:55:30,295.48,85,N/A,1560,9501,100,14795,0x0000000000000004,1.29,121559
21:55:32,296.69,87,N/A,1005,9501,100,14795,0x0000000000000004,1.29,121560
21:55:34,297.77,86,N/A,840,9501,100,14795,0x0000000000000004,1.27,121557
21:55:36,294.18,86,N/A,1230,9501,100,14795,0x0000000000000004,1.27,121555
21:55:38,294.33,87,N/A,1320,9501,100,14795,0x0000000000000004,1.25,121559
21:55:40,296.01,86,N/A,1950,9501,100,14795,0x0000000000000004,1.25,121558
21:55:42,299.84,86,N/A,870,9501,100,14827,0x0000000000000004,1.25,121556
21:55:44,300.50,86,N/A,855,9501,100,14827,0x0000000000000004,1.31,121558
21:55:47,294.10,85,N/A,1620,9501,100,14827,0x0000000000000004,1.31,121572
21:55:49,294.02,86,N/A,1290,9501,100,14795,0x0000000000000004,1.28,121574
21:55:51,294.65,86,N/A,1110,9501,100,14795,0x0000000000000004,1.28,121572
21:55:53,296.98,87,N/A,930,9501,100,14827,0x0000000000000004,1.28,121573
21:55:55,296.54,87,N/A,1065,9501,100,14827,0x0000000000000004,1.34,121563
21:55:57,297.17,87,N/A,1020,9501,100,14827,0x0000000000000004,1.34,121567
21:55:59,291.95,86,N/A,1260,9501,100,14827,0x0000000000000004,1.31,121565
21:56:01,297.36,88,N/A,1095,9501,100,14827,0x0000000000000004,1.31,121565
21:56:03,298.46,86,N/A,750,9501,100,14827,0x0000000000000004,1.29,121569
21:56:05,294.03,86,N/A,1200,9501,100,14827,0x0000000000000004,1.29,121572
21:56:07,147.17,78,N/A,2505,9501,0,13958,0x0000000000000000,1.29,122081
21:56:09,80.62,77,N/A,510,5001,0,13958,0x0000000000000001,1.18,122077
21:56:11,59.06,75,N/A,210,810,0,13958,0x0000000000000001,1.18,122074
21:56:13,47.56,73,N/A,210,405,0,13958,0x0000000000000001,1.09,122075
21:56:15,44.10,71,N/A,210,405,0,13958,0x0000000000000001,1.09,122071
21:56:17,77.84,71,N/A,2505,9501,14,14977,0x0000000000000000,1.09,121761
21:56:19,77.89,70,N/A,2505,9501,14,16481,0x0000000000000000,1.16,121815
21:56:21,77.63,69,N/A,2505,9501,14,18273,0x0000000000000000,1.16,121646
21:56:23,77.29,68,N/A,2505,9501,14,20161,0x0000000000000000,1.15,121812
21:56:25,76.94,67,N/A,2505,9501,14,21921,0x0000000000000000,1.15,121663
21:56:27,108.55,73,N/A,810,9501,87,23977,0x0000000000000004,1.15,121479
21:56:29,293.93,73,N/A,2010,9501,99,24041,0x0000000000000004,1.14,121471
21:56:31,300.13,75,N/A,1620,9501,98,24041,0x0000000000000004,1.14,121477
21:56:34,298.59,76,N/A,1065,9501,96,24041,0x0000000000000004,1.21,121482
21:56:36,165.26,70,N/A,2730,9501,21,14561,0x0000000000000000,1.21,121848
21:56:38,84.86,68,N/A,2505,9501,10,16001,0x0000000000000000,1.21,121752
21:56:40,76.68,67,N/A,2505,9501,15,17825,0x0000000000000000,1.19,121721
21:56:42,76.40,67,N/A,2505,9501,3,19681,0x0000000000000000,1.19,121747
21:56:44,75.81,66,N/A,2505,9501,10,21505,0x0000000000000000,1.17,121657
21:56:46,74.90,65,N/A,2505,9501,7,23361,0x0000000000000000,1.17,121800
21:56:48,294.89,72,N/A,1650,9501,98,24041,0x0000000000000004,1.24,121491
21:56:50,298.60,73,N/A,1530,9501,99,24041,0x0000000000000004,1.24,121488
21:56:52,298.88,75,N/A,1080,9501,99,24041,0x0000000000000004,1.24,121488
21:56:54,252.04,70,N/A,2745,9501,24,13958,0x0000000000000000,1.22,122014
21:56:56,90.52,67,N/A,2505,9501,12,16129,0x0000000000000000,1.22,121775
21:56:58,76.23,67,N/A,2505,9501,24,17953,0x0000000000000000,1.20,121708
21:57:00,75.57,66,N/A,2505,9501,10,19809,0x0000000000000000,1.20,121731
21:57:02,74.64,65,N/A,2505,9501,10,21633,0x0000000000000000,1.20,121752
21:57:04,73.49,65,N/A,2505,9501,25,23521,0x0000000000000000,1.19,121754
21:57:06,295.79,71,N/A,1725,9501,99,24041,0x0000000000000004,1.19,121481
21:57:08,298.51,72,N/A,1740,9501,98,24041,0x0000000000000004,1.17,121479
21:57:10,298.31,75,N/A,1080,9501,99,24041,0x0000000000000004,1.17,121473
21:57:12,212.37,69,N/A,2730,9501,7,14433,0x0000000000000000,1.17,121655
21:57:14,86.16,67,N/A,2505,9501,15,16353,0x0000000000000000,1.16,121747
21:57:16,75.54,66,N/A,2505,9501,10,18113,0x0000000000000000,1.16,121663
21:57:19,74.57,65,N/A,2505,9501,7,19969,0x0000000000000000,1.14,121736
21:57:21,73.74,65,N/A,2505,9501,14,21793,0x0000000000000000,1.14,121682
21:57:23,72.45,64,N/A,2505,9501,8,23625,0x0000000000000000,1.14,121504
21:57:25,295.79,72,N/A,1740,9501,99,24041,0x0000000000000004,1.13,121477
21:57:27,298.65,72,N/A,1695,9501,98,24041,0x0000000000000004,1.13,121477
21:57:29,298.39,74,N/A,1140,9501,99,24041,0x0000000000000004,1.12,121475
21:57:31,187.73,68,N/A,2730,9501,0,14433,0x0000000000000000,1.12,121673
21:57:33,81.57,67,N/A,2505,9501,24,15745,0x0000000000000000,1.11,121660
21:57:35,74.79,66,N/A,2505,9501,14,17665,0x0000000000000000,1.11,121830
21:57:37,74.18,65,N/A,2505,9501,23,19425,0x0000000000000000,1.11,121667
21:57:39,72.56,65,N/A,2505,9501,14,21281,0x0000000000000000,1.10,121736
21:57:41,71.67,64,N/A,2505,9501,15,23105,0x0000000000000000,1.10,121814
21:57:43,293.47,71,N/A,1890,9501,99,24041,0x0000000000000004,1.09,121485
21:57:45,298.94,72,N/A,1980,9501,99,24041,0x0000000000000004,1.09,121485
21:57:47,299.14,74,N/A,1110,9501,96,24041,0x0000000000000004,1.09,121484
21:57:49,297.55,74,N/A,1980,9501,96,22505,0x0000000000000004,1.09,121484
21:57:51,91.48,67,N/A,2730,9501,10,15265,0x0000000000000000,1.09,121839
21:57:53,74.92,66,N/A,2505,9501,10,17089,0x0000000000000000,1.16,121654
21:57:55,73.88,65,N/A,2505,9501,10,18945,0x0000000000000000,1.16,121737
21:57:57,72.79,65,N/A,2505,9501,10,20769,0x0000000000000000,1.16,121645
21:57:59,72.02,64,N/A,2505,9501,14,22657,0x0000000000000000,1.15,121756
21:58:01,249.94,71,N/A,1200,9501,100,24041,0x0000000000000004,1.15,121483
21:58:03,300.09,71,N/A,1545,9501,99,24041,0x0000000000000004,1.13,121488
21:58:06,299.26,73,N/A,1110,9501,96,24041,0x0000000000000004,1.13,121486
21:58:08,299.17,74,N/A,1080,9501,100,24041,0x0000000000000004,1.13,121486
21:58:10,94.22,68,N/A,2730,9501,0,13958,0x0000000000000000,1.12,122082
21:58:12,66.32,65,N/A,360,5001,0,13958,0x0000000000000001,1.12,122089
21:58:14,47.22,64,N/A,210,810,0,13958,0x0000000000000001,1.11,122089
21:58:16,42.14,63,N/A,210,405,0,13958,0x0000000000000001,1.11,122087
21:58:18,34.34,63,N/A,210,405,0,13958,0x0000000000000001,1.02,122092
21:58:20,33.95,62,N/A,210,405,0,13958,0x0000000000000001,1.02,122093
21:58:22,33.67,61,N/A,210,405,0,13958,0x0000000000000001,1.02,122093
21:58:24,33.52,61,N/A,210,405,0,13958,0x0000000000000001,0.94,122091
21:58:26,33.36,60,N/A,210,405,0,13958,0x0000000000000001,0.94,122093
21:58:28,33.31,59,N/A,210,405,0,13958,0x0000000000000001,0.87,122092
21:58:30,33.26,59,N/A,210,405,0,13958,0x0000000000000001,0.87,122092
21:58:32,33.14,58,N/A,210,405,0,13958,0x0000000000000001,0.87,122082
21:58:34,33.08,58,N/A,210,405,0,13958,0x0000000000000001,0.80,122091
21:58:36,33.08,57,N/A,210,405,0,13958,0x0000000000000001,0.80,122092
21:58:38,33.06,57,N/A,210,405,0,13958,0x0000000000000001,0.73,122092
21:58:40,32.97,56,N/A,210,405,0,13958,0x0000000000000001,0.73,122089
21:58:42,32.99,56,N/A,210,405,0,13958,0x0000000000000001,0.73,122087
21:58:44,32.93,56,N/A,210,405,0,13958,0x0000000000000001,0.67,122086
21:58:46,32.87,55,N/A,210,405,0,13958,0x0000000000000001,0.67,122082
21:58:49,32.87,55,N/A,210,405,0,13958,0x0000000000000001,0.70,122077
21:58:51,32.84,55,N/A,210,405,0,13958,0x0000000000000001,0.70,122081
21:58:53,32.84,54,N/A,210,405,0,13958,0x0000000000000001,0.70,122076
21:58:55,32.75,54,N/A,210,405,0,13958,0x0000000000000001,0.72,122077
21:58:57,32.75,54,N/A,210,405,0,13958,0x0000000000000001,0.72,122081
21:58:59,32.79,53,N/A,210,405,0,13958,0x0000000000000001,0.75,122084
21:59:01,32.68,53,N/A,210,405,0,13958,0x0000000000000001,0.75,122085
21:59:03,32.62,53,N/A,210,405,0,13958,0x0000000000000001,0.77,122067
21:59:05,32.60,53,N/A,210,405,0,13958,0x0000000000000001,0.77,122072
21:59:07,32.41,52,N/A,210,405,0,13958,0x0000000000000001,0.77,122076
21:59:09,32.35,52,N/A,210,405,0,13958,0x0000000000000001,0.71,122074
21:59:11,32.38,52,N/A,210,405,0,13958,0x0000000000000001,0.71,122072
21:59:13,32.34,52,N/A,210,405,0,13958,0x0000000000000001,0.65,122071
21:59:15,32.12,51,N/A,210,405,0,13958,0x0000000000000001,0.65,122072
21:59:17,32.10,51,N/A,210,405,0,13958,0x0000000000000001,0.65,122080
21:59:19,32.08,51,N/A,210,405,0,13958,0x0000000000000001,0.68,122078
21:59:21,32.07,51,N/A,210,405,0,13958,0x0000000000000001,0.68,122079
21:59:23,31.72,51,N/A,210,405,0,13958,0x0000000000000001,0.62,122078
21:59:25,31.74,50,N/A,210,405,0,13958,0x0000000000000001,0.62,122082
21:59:27,31.59,50,N/A,210,405,0,13958,0x0000000000000001,0.62,122077
21:59:29,31.68,50,N/A,210,405,0,13958,0x0000000000000001,0.57,122077
21:59:32,31.80,50,N/A,210,405,0,13958,0x0000000000000001,0.57,122077
21:59:34,31.57,50,N/A,210,405,0,13958,0x0000000000000001,0.69,122065
21:59:36,31.39,49,N/A,210,405,0,13958,0x0000000000000001,0.69,122080
21:59:38,31.47,49,N/A,210,405,0,13958,0x0000000000000001,0.69,122079
21:59:40,31.31,49,N/A,210,405,0,13958,0x0000000000000001,0.63,122080
21:59:42,31.27,49,N/A,210,405,0,13958,0x0000000000000001,0.63,122081
21:59:44,31.26,49,N/A,210,405,0,13958,0x0000000000000001,0.58,122080
21:59:46,31.32,48,N/A,210,405,0,13958,0x0000000000000001,0.58,122066
21:59:48,31.15,48,N/A,210,405,0,13958,0x0000000000000001,0.53,122077
21:59:50,31.00,48,N/A,210,405,0,13958,0x0000000000000001,0.53,122078
21:59:52,30.83,48,N/A,210,405,0,13958,0x0000000000000001,0.53,122083
21:59:54,30.56,48,N/A,210,405,0,13958,0x0000000000000001,0.49,122083
21:59:56,30.56,48,N/A,210,405,0,13958,0x0000000000000001,0.49,122072
21:59:58,30.37,47,N/A,210,405,0,13958,0x0000000000000001,0.45,122074
22:00:00,29.70,47,N/A,210,405,0,13958,0x0000000000000001,0.45,122076
22:00:02,30.00,47,N/A,210,405,0,13958,0x0000000000000001,0.45,122077
22:00:04,29.76,47,N/A,210,405,0,13958,0x0000000000000001,0.58,122078
22:00:06,29.50,47,N/A,210,405,0,13958,0x0000000000000001,0.58,122079
22:00:08,29.68,46,N/A,210,405,0,13958,0x0000000000000001,0.61,122082
22:00:10,29.40,46,N/A,210,405,0,13958,0x0000000000000001,0.61,122067
22:00:12,29.38,46,N/A,210,405,0,13958,0x0000000000000001,0.61,122082
22:00:15,28.93,46,N/A,210,405,0,13958,0x0000000000000001,0.64,122082
22:00:17,28.97,46,N/A,210,405,0,13958,0x0000000000000001,0.64,122085
22:00:19,28.57,46,N/A,210,405,0,13958,0x0000000000000001,0.59,122076
22:00:21,28.38,46,N/A,210,405,0,13958,0x0000000000000001,0.59,122086
22:00:23,28.58,45,N/A,210,405,0,13958,0x0000000000000001,0.59,122086
22:00:25,28.31,45,N/A,210,405,0,13958,0x0000000000000001,0.54,122085
22:00:27,28.27,45,N/A,210,405,0,13958,0x0000000000000001,0.54,122078
22:00:29,27.69,45,N/A,210,405,0,13958,0x0000000000000001,0.50,122079
22:00:31,28.30,45,N/A,210,405,0,13958,0x0000000000000001,0.50,122082
22:00:33,27.30,45,N/A,210,405,0,13958,0x0000000000000001,0.46,122080
22:00:35,26.76,45,N/A,210,405,0,13958,0x0000000000000001,0.46,122072
22:00:37,27.12,44,N/A,210,405,0,13958,0x0000000000000001,0.46,122071
22:00:39,26.57,44,N/A,210,405,0,13958,0x0000000000000001,0.42,122071
22:00:41,27.26,44,N/A,210,405,0,13958,0x0000000000000001,0.42,122076
22:00:43,26.91,44,N/A,210,405,0,13958,0x0000000000000001,0.39,122074
22:00:45,27.18,44,N/A,210,405,0,13958,0x0000000000000001,0.39,122075
22:00:47,27.02,44,N/A,210,405,0,13958,0x0000000000000001,0.39,122076
22:00:49,26.92,44,N/A,210,405,0,13958,0x0000000000000001,0.36,122060
22:00:51,26.53,43,N/A,210,405,0,13958,0x0000000000000001,0.36,122071
22:00:53,26.67,43,N/A,210,405,0,13958,0x0000000000000001,0.33,122070
22:00:56,26.49,43,N/A,210,405,0,13958,0x0000000000000001,0.33,122069
22:00:58,26.55,43,N/A,210,405,0,13958,0x0000000000000001,0.33,122068
22:01:00,25.92,43,N/A,210,405,0,13958,0x0000000000000001,0.30,122069
22:01:02,25.33,43,N/A,210,405,0,13958,0x0000000000000001,0.30,122069
22:01:04,25.63,43,N/A,210,405,0,13958,0x0000000000000001,0.28,122069
22:01:06,25.34,43,N/A,210,405,0,13958,0x0000000000000001,0.28,122079
22:01:08,25.03,43,N/A,210,405,0,13958,0x0000000000000001,0.28,122077
22:01:10,25.24,42,N/A,210,405,0,13958,0x0000000000000001,0.33,122078
22:01:12,25.43,42,N/A,210,405,0,13958,0x0000000000000001,0.33,122081
22:01:14,25.42,42,N/A,210,405,0,13958,0x0000000000000001,0.31,122083
22:01:16,25.26,42,N/A,210,405,0,13958,0x0000000000000001,0.31,122082
22:01:18,24.90,42,N/A,210,405,0,13958,0x0000000000000001,0.28,122078
22:01:20,24.85,42,N/A,210,405,0,13958,0x0000000000000001,0.28,122082
22:01:22,25.02,42,N/A,210,405,0,13958,0x0000000000000001,0.28,122082
22:01:24,24.98,42,N/A,210,405,0,13958,0x0000000000000001,0.26,122083
22:01:26,24.66,42,N/A,210,405,0,13958,0x0000000000000001,0.26,122077
22:01:28,24.28,41,N/A,210,405,0,13958,0x0000000000000001,0.24,122075
22:01:30,24.32,41,N/A,210,405,0,13958,0x0000000000000001,0.24,122077
22:01:32,24.26,41,N/A,210,405,0,13958,0x0000000000000001,0.24,122075
22:01:34,24.17,41,N/A,210,405,0,13958,0x0000000000000001,0.22,122075
22:01:36,24.18,41,N/A,210,405,0,13958,0x0000000000000001,0.22,122076
22:01:39,24.52,41,N/A,210,405,0,13958,0x0000000000000001,0.20,122080
22:01:41,24.36,41,N/A,210,405,0,13958,0x0000000000000001,0.20,122078
22:01:43,24.13,41,N/A,210,405,0,13958,0x0000000000000001,0.20,122079
22:01:45,23.98,41,N/A,210,405,0,13958,0x0000000000000001,0.18,122076
22:01:47,24.11,41,N/A,210,405,0,13958,0x0000000000000001,0.18,122071
22:01:49,23.89,41,N/A,210,405,0,13958,0x0000000000000001,0.17,122071
22:01:51,24.07,40,N/A,210,405,0,13958,0x0000000000000001,0.17,122070
22:01:53,23.75,40,N/A,210,405,0,13958,0x0000000000000001,0.17,122074
22:01:55,23.94,40,N/A,210,405,0,13958,0x0000000000000001,0.16,122079
22:01:57,23.83,40,N/A,210,405,0,13958,0x0000000000000001,0.16,122072
22:01:59,23.77,40,N/A,210,405,0,13958,0x0000000000000001,0.14,122073
22:02:01,23.82,40,N/A,210,405,0,13958,0x0000000000000001,0.14,122072
22:02:03,23.63,40,N/A,210,405,0,13958,0x0000000000000001,0.21,122072
22:02:05,23.36,40,N/A,210,405,0,13958,0x0000000000000001,0.21,121519
22:02:07,23.34,40,N/A,210,405,0,13958,0x0000000000000001,0.21,121011
22:02:09,23.32,40,N/A,210,405,0,13958,0x0000000000000001,1.00,121087
22:02:11,23.17,40,N/A,210,405,0,13958,0x0000000000000001,1.00,120158
22:02:13,23.13,40,N/A,210,405,0,13958,0x0000000000000001,2.68,120228
22:02:15,23.27,40,N/A,210,405,0,13958,0x0000000000000001,2.68,121000
22:02:17,23.27,39,N/A,210,405,0,13958,0x0000000000000001,2.68,120892
22:02:19,23.19,39,N/A,210,405,0,13958,0x0000000000000001,4.23,119867
22:02:21,23.12,39,N/A,210,405,0,13958,0x0000000000000001,4.23,120854
22:02:24,23.15,39,N/A,210,405,0,13958,0x0000000000000001,3.97,121060
22:02:26,23.42,39,N/A,210,405,0,13958,0x0000000000000001,3.97,120201
22:02:28,23.48,39,N/A,210,405,0,13958,0x0000000000000001,3.97,120663
22:02:30,23.37,39,N/A,210,405,0,13958,0x0000000000000001,3.97,120591
22:02:32,23.17,39,N/A,210,405,0,13958,0x0000000000000001,3.97,120855
22:02:34,23.27,39,N/A,210,405,0,13958,0x0000000000000001,3.81,120789
22:02:36,23.05,39,N/A,210,405,0,13958,0x0000000000000001,3.81,121551
22:02:38,23.13,39,N/A,210,405,0,13958,0x0000000000000001,3.81,121509
22:02:40,23.35,39,N/A,210,405,0,13958,0x0000000000000001,3.59,122070
22:02:42,23.13,39,N/A,210,405,0,13958,0x0000000000000001,3.59,122069
22:02:44,23.22,39,N/A,210,405,0,13958,0x0000000000000001,3.30,122069
22:02:46,23.16,39,N/A,210,405,0,13958,0x0000000000000001,3.30,122067
22:02:48,23.15,38,N/A,210,405,0,13958,0x0000000000000001,3.03,122066
22:02:50,23.33,38,N/A,210,405,0,13958,0x0000000000000001,3.03,122063
22:02:52,58.93,39,N/A,2505,9501,10,15169,0x0000000000000000,3.03,121749
22:02:54,59.43,40,N/A,2505,9501,14,16929,0x0000000000000000,2.87,121704
22:02:56,59.20,40,N/A,2505,9501,10,18785,0x0000000000000000,2.87,121722
22:02:58,59.48,40,N/A,2505,9501,15,20609,0x0000000000000000,2.72,121712
22:03:00,59.50,40,N/A,2505,9501,10,22465,0x0000000000000000,2.72,121629
22:03:02,89.49,46,N/A,2535,9501,77,23689,0x0000000000000000,2.72,121432
22:03:04,277.00,48,N/A,2475,9501,84,23689,0x0000000000000004,2.58,121429
22:03:07,281.45,50,N/A,2430,9501,81,23689,0x0000000000000004,2.58,121418
22:03:09,281.88,52,N/A,2340,9501,87,23689,0x0000000000000004,2.46,121438
22:03:11,279.69,52,N/A,2490,9501,82,23689,0x0000000000000004,2.46,121437
22:03:13,277.83,53,N/A,2460,9501,82,23689,0x0000000000000004,2.46,121439
22:03:15,278.54,55,N/A,2235,9501,82,23689,0x0000000000000004,2.42,121440
22:03:17,283.76,56,N/A,1545,9501,97,23721,0x0000000000000004,2.42,121440
22:03:19,289.19,58,N/A,1425,9501,97,23753,0x0000000000000004,2.39,121434
22:03:21,289.87,59,N/A,1455,9501,98,23753,0x0000000000000004,2.39,121435
22:03:23,289.50,61,N/A,1545,9501,98,23753,0x0000000000000004,2.39,121431
22:03:25,289.66,61,N/A,1410,9501,98,23753,0x0000000000000004,2.27,121433
22:03:27,296.39,63,N/A,1425,9501,98,23785,0x0000000000000004,2.27,121423
22:03:29,299.08,64,N/A,1395,9501,98,23785,0x0000000000000004,2.17,121430
22:03:31,298.45,65,N/A,1515,9501,97,23785,0x0000000000000004,2.17,121429
22:03:33,298.22,67,N/A,1365,9501,97,23785,0x0000000000000004,2.08,121432
22:03:35,291.70,68,N/A,1320,9501,98,23913,0x0000000000000004,2.08,121424
22:03:37,298.23,69,N/A,1350,9501,99,23913,0x0000000000000004,2.08,121407
22:03:39,297.85,70,N/A,1245,9501,95,23913,0x0000000000000004,1.99,121407
22:03:41,298.52,69,N/A,1380,9501,99,23913,0x0000000000000004,1.99,121411
22:03:43,297.49,72,N/A,1935,9501,100,23913,0x0000000000000004,1.91,121409
22:03:45,296.10,73,N/A,1200,9501,100,24041,0x0000000000000004,1.91,121399
22:03:47,298.24,73,N/A,1515,9501,93,24041,0x0000000000000004,1.91,121375
22:03:49,295.95,74,N/A,1425,9501,89,24041,0x0000000000000004,1.84,121369
22:03:51,296.63,71,N/A,2040,9501,99,24041,0x0000000000000004,1.84,121370
22:03:54,117.36,68,N/A,2685,9501,0,24041,0x0000000000000000,1.69,121420
22:03:56,80.18,66,N/A,2505,9501,0,24041,0x0000000000000000,1.69,121418
22:03:58,73.45,65,N/A,2505,9501,0,24041,0x0000000000000000,1.69,121422
22:04:00,71.53,64,N/A,2505,9501,0,24041,0x0000000000000000,1.56,121424
22:04:02,70.04,64,N/A,2505,9501,0,24041,0x0000000000000000,1.56,121418
22:04:04,109.21,64,N/A,2745,9501,0,24041,0x0000000000000000,1.43,121417
22:04:06,76.58,63,N/A,2505,9501,0,24041,0x0000000000000000,1.43,121416
22:04:08,68.51,62,N/A,2505,9501,0,24041,0x0000000000000000,1.43,121430
22:04:10,67.94,62,N/A,2505,9501,0,24041,0x0000000000000000,1.32,121432
22:04:12,67.40,61,N/A,2505,9501,0,24041,0x0000000000000000,1.32,121431
22:04:14,66.88,61,N/A,2505,9501,0,24041,0x0000000000000000,1.21,121431
22:04:16,66.44,60,N/A,2505,9501,0,24041,0x0000000000000000,1.21,121428
22:04:18,66.42,60,N/A,2505,9501,0,24041,0x0000000000000000,1.11,121429
22:04:20,66.19,59,N/A,2505,9501,0,24041,0x0000000000000001,1.11,121424
22:04:22,39.49,58,N/A,225,405,0,24041,0x0000000000000001,1.11,121419
22:04:24,41.82,58,N/A,2505,9501,0,13958,0x0000000000000001,1.10,122062
22:04:26,64.15,57,N/A,510,5001,0,13958,0x0000000000000001,1.10,121804
22:04:28,45.06,57,N/A,210,5001,0,13958,0x0000000000000001,1.10,121681
22:04:30,35.75,56,N/A,2505,9501,0,13974,0x0000000000000000,1.10,121533
22:04:32,86.42,57,N/A,2760,9501,0,23885,0x0000000000000000,1.10,121463
22:04:34,85.42,57,N/A,2760,9501,0,23973,0x0000000000000000,1.09,121348
22:04:37,67.81,56,N/A,2505,9501,0,23973,0x0000000000000000,1.09,121326
22:04:39,65.78,56,N/A,2505,9501,0,23973,0x0000000000000000,1.08,121305
22:04:41,65.83,56,N/A,2505,9501,0,23973,0x0000000000000000,1.08,121291
22:04:43,65.81,56,N/A,2505,9501,0,23973,0x0000000000000000,1.08,120976
22:04:45,65.76,55,N/A,2505,9501,0,23973,0x0000000000000000,1.15,120846
22:04:47,65.73,55,N/A,2505,9501,0,23973,0x0000000000000000,1.15,120723
22:04:49,65.74,55,N/A,2505,9501,0,23973,0x0000000000000000,1.14,120716
22:04:51,54.33,54,N/A,345,405,0,23973,0x0000000000000001,1.14,120689
22:04:53,32.72,54,N/A,210,405,0,23973,0x0000000000000001,1.14,120655
22:04:55,32.65,53,N/A,210,405,0,23973,0x0000000000000001,1.13,120648
22:04:57,32.54,53,N/A,210,405,0,23973,0x0000000000000001,1.13,120618
22:04:59,32.44,53,N/A,210,405,0,23973,0x0000000000000001,1.12,120602
22:05:01,32.37,52,N/A,210,405,0,23973,0x0000000000000001,1.12,120594
22:05:03,32.40,52,N/A,210,405,0,23973,0x0000000000000001,1.12,120592
22:05:05,32.29,52,N/A,210,405,0,23973,0x0000000000000001,1.19,120590
22:05:07,32.11,51,N/A,210,405,0,23973,0x0000000000000001,1.19,120573
22:05:09,38.96,52,N/A,2505,9501,0,23973,0x0000000000000000,1.33,120519
22:05:11,75.53,52,N/A,2505,9501,0,24045,0x0000000000000000,1.33,120340
22:05:13,65.12,52,N/A,2505,9501,0,24045,0x0000000000000000,1.31,120336
22:05:15,64.92,52,N/A,2505,9501,0,24045,0x0000000000000000,1.31,120332
22:05:17,64.94,52,N/A,2505,9501,0,24045,0x0000000000000000,1.31,120325
22:05:19,64.85,52,N/A,2505,9501,0,24045,0x0000000000000000,1.36,120312
22:05:21,64.94,52,N/A,2505,9501,0,24045,0x0000000000000000,1.36,120312
22:05:24,64.83,52,N/A,2505,9501,0,24045,0x0000000000000000,1.49,120318
22:05:26,64.91,52,N/A,2505,9501,0,24045,0x0000000000000000,1.49,120315
22:05:28,64.79,51,N/A,2505,9501,0,24045,0x0000000000000001,1.49,120312
22:05:30,34.83,50,N/A,225,405,0,24045,0x0000000000000001,1.54,120314
22:05:32,31.58,50,N/A,210,405,0,24045,0x0000000000000001,1.54,120293
22:05:34,31.34,50,N/A,210,405,0,24045,0x0000000000000001,1.49,120259
22:05:36,31.33,50,N/A,210,405,0,24045,0x0000000000000001,1.49,120227
22:05:38,31.04,49,N/A,210,405,0,24045,0x0000000000000001,1.49,120206
22:05:40,30.97,49,N/A,210,405,0,24045,0x0000000000000001,1.45,120179
22:05:42,30.37,49,N/A,210,405,0,24045,0x0000000000000001,1.45,120171
22:05:44,30.48,49,N/A,210,405,0,24045,0x0000000000000001,1.42,120171
22:05:46,30.18,48,N/A,210,405,0,24045,0x0000000000000001,1.42,120167
22:05:48,29.58,48,N/A,210,405,0,24045,0x0000000000000001,1.42,120157
22:05:50,29.82,48,N/A,210,405,0,24045,0x0000000000000001,1.38,120183
22:05:52,37.27,48,N/A,2505,9501,0,24045,0x0000000000000000,1.38,120104
22:05:54,299.44,57,N/A,1245,9501,100,24659,0x0000000000000004,1.35,120149
22:05:56,299.42,59,N/A,1245,9501,100,25213,0x0000000000000004,1.35,120110
22:05:58,294.83,60,N/A,1215,9501,100,25421,0x0000000000000004,1.32,120086
22:06:00,299.65,62,N/A,1245,9501,100,25787,0x0000000000000004,1.32,120075
22:06:02,297.75,63,N/A,1215,9501,100,26043,0x0000000000000004,1.32,120048
22:06:04,299.73,64,N/A,1185,9501,100,26461,0x0000000000000004,1.30,120040
22:06:06,295.58,66,N/A,1230,9501,100,26443,0x0000000000000004,1.30,120014
22:06:08,298.84,67,N/A,1170,9501,100,27247,0x0000000000000004,1.27,120007
22:06:11,299.87,68,N/A,1155,9501,100,27247,0x0000000000000004,1.27,120003
22:06:13,300.26,69,N/A,1200,9501,100,27135,0x0000000000000004,1.27,119981
22:06:15,297.74,70,N/A,1290,9501,90,26915,0x0000000000000004,1.33,119963
22:06:17,298.91,71,N/A,1200,9501,100,27551,0x0000000000000004,1.33,119941
22:06:19,297.57,72,N/A,1260,9501,100,26915,0x0000000000000004,1.30,119933
22:06:21,295.63,73,N/A,1155,9501,89,27807,0x0000000000000004,1.30,119909
22:06:23,299.74,73,N/A,1125,9501,100,27807,0x0000000000000004,1.30,119907
22:06:25,299.62,74,N/A,1125,9501,100,27529,0x0000000000000004,1.28,119888
22:06:27,299.43,75,N/A,1140,9501,100,28073,0x0000000000000004,1.28,119882
22:06:29,299.69,75,N/A,1125,9501,100,28073,0x0000000000000004,1.26,119883
22:06:31,299.47,76,N/A,1185,9501,100,27423,0x0000000000000004,1.26,119870
22:06:33,299.44,77,N/A,1140,9501,100,27805,0x0000000000000004,1.26,119861
22:06:35,299.38,77,N/A,1170,9501,100,27583,0x0000000000000004,1.32,119845
22:06:37,299.52,78,N/A,1155,9501,100,28091,0x0000000000000004,1.32,119841
22:06:39,296.31,78,N/A,1320,9501,100,27481,0x0000000000000004,1.29,119813
22:06:41,299.76,79,N/A,1170,9501,100,27781,0x0000000000000004,1.29,119828
22:06:43,299.76,79,N/A,1110,9501,100,28453,0x0000000000000004,1.27,119824
22:06:45,297.47,80,N/A,1335,9501,100,27523,0x0000000000000004,1.27,119815
22:06:47,299.20,80,N/A,1230,9501,100,28205,0x0000000000000004,1.27,119804
22:06:49,298.07,81,N/A,1395,9501,100,27761,0x0000000000000004,1.25,119793
22:06:51,299.57,78,N/A,2025,9501,100,29005,0x0000000000000004,1.25,119784
22:06:53,299.26,81,N/A,1230,9501,100,29005,0x0000000000000004,1.23,119782
22:06:56,236.62,75,N/A,2505,9501,0,27909,0x0000000000000000,1.23,119780
22:06:58,277.15,78,N/A,1785,9501,71,27917,0x0000000000000004,1.23,119707
22:07:00,274.91,78,N/A,1320,9501,71,27917,0x0000000000000004,1.21,119705
22:07:02,276.19,80,N/A,1515,9501,76,27917,0x0000000000000004,1.21,119703
22:07:04,270.63,78,N/A,1290,9501,71,27917,0x0000000000000004,1.19,119700
22:07:06,277.59,80,N/A,1485,9501,80,27917,0x0000000000000004,1.19,119702
22:07:08,276.47,80,N/A,1785,9501,75,27917,0x0000000000000004,1.19,119643
22:07:10,276.99,80,N/A,1425,9501,79,27917,0x0000000000000004,1.26,119533
22:07:12,276.42,79,N/A,1320,9501,71,27917,0x0000000000000004,1.26,119682
22:07:14,271.48,78,N/A,1725,9501,70,27917,0x0000000000000004,1.24,119681
22:07:16,272.74,80,N/A,1740,9501,81,27917,0x0000000000000004,1.24,119970
22:07:18,277.82,80,N/A,1020,9501,95,27919,0x0000000000000004,1.24,119964
22:07:20,297.01,81,N/A,1230,9501,96,27919,0x0000000000000004,1.22,119962
22:07:22,297.95,82,N/A,960,9501,97,27919,0x0000000000000004,1.22,119961
22:07:24,299.17,82,N/A,1005,9501,95,27919,0x0000000000000004,1.20,119962
22:07:26,298.87,82,N/A,1155,9501,100,27919,0x0000000000000004,1.20,119954
22:07:28,299.15,83,N/A,945,9501,100,27919,0x0000000000000004,1.18,119954
22:07:30,297.77,82,N/A,1005,9501,98,27919,0x0000000000000004,1.18,119947
22:07:32,298.67,83,N/A,930,9501,100,27919,0x0000000000000004,1.18,119946
22:07:34,297.72,83,N/A,990,9501,95,27919,0x0000000000000004,1.17,119948
22:07:36,298.98,84,N/A,945,9501,100,27939,0x0000000000000004,1.17,119950
22:07:39,298.00,82,N/A,1230,9501,96,27939,0x0000000000000004,1.15,119952
22:07:41,299.24,84,N/A,960,9501,100,27939,0x0000000000000004,1.15,119942
22:07:43,296.40,84,N/A,990,9501,95,27939,0x0000000000000004,1.15,119952
22:07:45,298.94,84,N/A,915,9501,100,27939,0x0000000000000004,1.14,119946
22:07:47,297.70,84,N/A,930,9501,95,27939,0x0000000000000004,1.14,119950
22:07:49,298.86,84,N/A,1080,9501,100,27939,0x0000000000000004,1.13,119940
22:07:51,298.94,84,N/A,945,9501,100,27939,0x0000000000000004,1.13,119941
22:07:53,298.89,84,N/A,930,9501,96,27939,0x0000000000000004,1.13,119945
22:07:55,298.39,84,N/A,1125,9501,94,27939,0x0000000000000004,1.12,119944
22:07:57,299.02,84,N/A,930,9501,94,27939,0x0000000000000004,1.12,119947
22:07:59,299.75,84,N/A,930,9501,100,27939,0x0000000000000004,1.11,119930
22:08:01,299.09,85,N/A,915,9501,94,27939,0x0000000000000004,1.11,119940
22:08:03,299.77,85,N/A,945,9501,100,27939,0x0000000000000004,1.11,119941
22:08:05,298.97,85,N/A,930,9501,100,27939,0x0000000000000004,1.10,119941
22:08:07,299.77,85,N/A,930,9501,100,27939,0x0000000000000004,1.10,119940
22:08:09,299.10,85,N/A,930,9501,100,27939,0x0000000000000004,1.09,119940
22:08:11,292.19,85,N/A,930,9501,86,27939,0x0000000000000004,1.09,119942
22:08:13,299.56,85,N/A,885,9501,100,27957,0x0000000000000004,1.08,119943
22:08:15,297.45,85,N/A,915,9501,89,27957,0x0000000000000004,1.08,119941
22:08:17,299.05,85,N/A,900,9501,100,27957,0x0000000000000004,1.08,119945
22:08:19,299.60,85,N/A,855,9501,100,27957,0x0000000000000004,1.08,119944
22:08:21,299.52,85,N/A,900,9501,100,27957,0x0000000000000004,1.08,119943
22:08:23,299.05,85,N/A,900,9501,100,27957,0x0000000000000004,1.15,119943
22:08:26,299.74,85,N/A,885,9501,100,27957,0x0000000000000004,1.15,119942
22:08:28,299.11,85,N/A,900,9501,100,27957,0x0000000000000004,1.15,119952
22:08:30,299.46,85,N/A,885,9501,100,27957,0x0000000000000004,1.14,119945
22:08:32,299.43,85,N/A,900,9501,100,27957,0x0000000000000004,1.14,119947
22:08:34,146.30,78,N/A,2505,9501,0,27957,0x0000000000000000,1.13,119974
22:08:36,86.11,77,N/A,2505,9501,0,27957,0x0000000000000000,1.13,120393
22:08:38,108.32,76,N/A,2730,9501,0,13958,0x0000000000000000,1.13,122077
22:08:40,76.94,73,N/A,375,810,0,13958,0x0000000000000001,1.12,122075
22:08:42,46.05,72,N/A,210,405,0,13958,0x0000000000000001,1.12,122075
22:08:44,43.79,70,N/A,210,405,0,13958,0x0000000000000001,1.11,122074
22:08:46,42.79,69,N/A,210,405,0,13958,0x0000000000000001,1.11,122067
22:08:48,41.06,68,N/A,210,405,0,13958,0x0000000000000001,1.11,122068
22:08:50,39.48,67,N/A,210,405,0,13958,0x0000000000000001,1.10,122070
22:08:52,38.00,66,N/A,210,405,0,13958,0x0000000000000001,1.10,122068
22:08:54,36.87,65,N/A,210,405,0,13958,0x0000000000000001,1.01,122069
22:08:56,35.78,64,N/A,210,405,0,13958,0x0000000000000001,1.01,122046
22:08:58,35.07,63,N/A,210,405,0,13958,0x0000000000000001,0.93,122062
22:09:00,34.59,63,N/A,210,405,0,13958,0x0000000000000001,0.93,122062
22:09:02,34.11,62,N/A,210,405,0,13958,0x0000000000000001,0.93,122063
22:09:04,33.61,61,N/A,210,405,0,13958,0x0000000000000001,0.85,122065
22:09:07,33.50,60,N/A,210,405,0,13958,0x0000000000000001,0.85,122081
22:09:09,33.42,60,N/A,210,405,0,13958,0x0000000000000001,0.79,122080
22:09:11,33.36,59,N/A,210,405,0,13958,0x0000000000000001,0.79,122082
22:09:13,33.23,59,N/A,210,405,0,13958,0x0000000000000001,0.79,122087
22:09:15,33.12,58,N/A,210,405,0,13958,0x0000000000000001,0.72,122077
22:09:17,33.12,58,N/A,210,405,0,13958,0x0000000000000001,0.72,122075
22:09:19,33.05,57,N/A,210,405,0,13958,0x0000000000000001,0.66,122080
22:09:21,32.96,57,N/A,210,405,0,13958,0x0000000000000001,0.66,122085
22:09:23,32.90,57,N/A,210,405,0,13958,0x0000000000000001,0.66,122080
22:09:25,32.83,56,N/A,210,405,0,13958,0x0000000000000001,0.61,122083
22:09:27,32.84,56,N/A,210,405,0,13958,0x0000000000000001,0.61,122092
22:09:29,32.84,56,N/A,210,405,0,13958,0x0000000000000001,0.56,122091
22:09:31,32.81,55,N/A,210,405,0,13958,0x0000000000000001,0.56,122091
22:09:33,32.81,55,N/A,210,405,0,13958,0x0000000000000001,0.56,122089
22:09:35,32.81,55,N/A,210,405,0,13958,0x0000000000000001,0.52,122091
22:09:37,32.79,54,N/A,210,405,0,13958,0x0000000000000001,0.52,122088
22:09:39,32.76,54,N/A,210,405,0,13958,0x0000000000000001,0.47,122087
22:09:41,32.64,54,N/A,210,405,0,13958,0x0000000000000001,0.47,122086
22:09:43,32.60,53,N/A,210,405,0,13958,0x0000000000000001,0.52,122078
22:09:45,32.53,53,N/A,210,405,0,13958,0x0000000000000001,0.52,122073
22:09:47,32.58,53,N/A,210,405,0,13958,0x0000000000000001,0.52,122078
22:09:50,32.46,53,N/A,210,405,0,13958,0x0000000000000001,0.48,122084
22:09:52,32.34,52,N/A,210,405,0,13958,0x0000000000000001,0.48,122083
22:09:54,32.36,52,N/A,210,405,0,13958,0x0000000000000001,0.44,122082
22:09:56,32.27,52,N/A,210,405,0,13958,0x0000000000000001,0.44,122083
22:09:58,32.22,52,N/A,210,405,0,13958,0x0000000000000001,0.44,122081
22:10:00,32.24,52,N/A,210,405,0,13958,0x0000000000000001,0.48,122072
22:10:02,32.15,51,N/A,210,405,0,13958,0x0000000000000001,0.48,122080
22:10:04,32.11,51,N/A,210,405,0,13958,0x0000000000000001,0.44,122076
22:10:06,31.99,51,N/A,210,405,0,13958,0x0000000000000001,0.44,122080
22:10:08,31.97,51,N/A,210,405,0,13958,0x0000000000000001,0.44,122079
22:10:10,31.86,51,N/A,210,405,0,13958,0x0000000000000001,0.41,122079
22:10:12,31.95,50,N/A,210,405,0,13958,0x0000000000000001,0.41,122067
22:10:14,31.83,50,N/A,210,405,0,13958,0x0000000000000001,0.38,122081
22:10:16,31.89,50,N/A,210,405,0,13958,0x0000000000000001,0.38,122085
22:10:18,31.72,50,N/A,210,405,0,13958,0x0000000000000001,0.38,122085
22:10:20,31.47,50,N/A,210,405,0,13958,0x0000000000000001,0.35,122090
22:10:22,31.51,49,N/A,210,405,0,13958,0x0000000000000001,0.35,122087
22:10:24,31.49,49,N/A,210,405,0,13958,0x0000000000000001,0.32,122086
22:10:26,31.50,49,N/A,210,405,0,13958,0x0000000000000001,0.32,122086
22:10:28,31.51,49,N/A,210,405,0,13958,0x0000000000000001,0.37,122083
22:10:30,31.21,49,N/A,210,405,0,13958,0x0000000000000001,0.37,122086
22:10:33,31.10,48,N/A,210,405,0,13958,0x0000000000000001,0.37,122084
22:10:35,31.02,48,N/A,210,405,0,13958,0x0000000000000001,0.34,122084
22:10:37,30.57,48,N/A,210,405,0,13958,0x0000000000000001,0.34,122084
22:10:39,30.27,48,N/A,210,405,0,13958,0x0000000000000001,0.31,122084
22:10:41,30.30,48,N/A,210,405,0,13958,0x0000000000000001,0.31,122083
22:10:43,30.25,47,N/A,210,405,0,13958,0x0000000000000001,0.31,122082
22:10:45,29.96,47,N/A,210,405,0,13958,0x0000000000000001,0.29,122084
22:10:47,29.79,47,N/A,210,405,0,13958,0x0000000000000001,0.29,122077
22:10:49,29.60,47,N/A,210,405,0,13958,0x0000000000000001,0.27,122089
22:10:51,29.48,47,N/A,210,405,0,13958,0x0000000000000001,0.27,122090
22:10:53,29.31,47,N/A,210,405,0,13958,0x0000000000000001,0.27,122091
22:10:55,28.88,46,N/A,210,405,0,13958,0x0000000000000001,0.24,122090
22:10:57,28.66,46,N/A,210,405,0,13958,0x0000000000000001,0.24,122091
22:10:59,28.43,46,N/A,210,405,0,13958,0x0000000000000001,0.30,122094
22:11:01,28.38,46,N/A,210,405,0,13958,0x0000000000000001,0.30,122091
22:11:03,28.08,46,N/A,210,405,0,13958,0x0000000000000001,0.30,122093
22:11:05,28.28,46,N/A,210,405,0,13958,0x0000000000000001,0.28,122091
22:11:07,28.64,46,N/A,210,405,0,13958,0x0000000000000001,0.28,122084
22:11:09,28.38,45,N/A,210,405,0,13958,0x0000000000000001,0.34,121930
22:11:11,27.89,45,N/A,210,405,0,13958,0x0000000000000001,0.34,121653
22:11:14,27.67,45,N/A,210,405,0,13958,0x0000000000000001,0.47,121768
22:11:16,27.32,45,N/A,210,405,0,13958,0x0000000000000001,0.47,121427
22:11:18,27.24,45,N/A,210,405,0,13958,0x0000000000000001,0.47,122070
22:11:20,27.26,45,N/A,210,405,0,13958,0x0000000000000001,0.43,122067
22:11:22,27.23,44,N/A,210,405,0,13958,0x0000000000000001,0.43,122073
22:11:24,27.56,44,N/A,210,405,0,13958,0x0000000000000001,0.40,122074
22:11:26,26.97,44,N/A,210,405,0,13958,0x0000000000000001,0.40,121958
22:11:28,26.63,44,N/A,210,405,0,13958,0x0000000000000001,0.40,121624
22:11:30,26.94,44,N/A,210,405,0,13958,0x0000000000000001,0.45,121799
22:11:32,26.67,44,N/A,210,405,0,13958,0x0000000000000001,0.45,121386
22:11:34,71.19,52,N/A,2025,9501,94,14761,0x0000000000000004,0.49,121583
22:11:36,298.19,55,N/A,1275,9501,99,14761,0x0000000000000004,0.49,121580
22:11:38,289.08,57,N/A,1425,9501,99,14761,0x0000000000000004,0.49,121580
22:11:40,293.93,57,N/A,1575,9501,100,14889,0x0000000000000004,0.53,121580
22:11:42,293.85,60,N/A,1470,9501,100,14889,0x0000000000000004,0.53,121580
22:11:44,296.09,60,N/A,1530,9501,100,14889,0x0000000000000004,0.65,121576
22:11:46,295.25,61,N/A,2250,9501,100,14889,0x0000000000000004,0.65,121575
22:11:48,298.71,61,N/A,1005,9501,100,14889,0x0000000000000004,0.65,121576
22:11:50,297.26,63,N/A,960,9501,100,14889,0x0000000000000004,0.68,121570
22:11:52,297.82,64,N/A,960,9501,100,14889,0x0000000000000004,0.68,121569
22:11:54,297.57,66,N/A,930,9501,100,14889,0x0000000000000004,0.70,121571
22:11:56,296.52,67,N/A,945,9501,100,14889,0x0000000000000004,0.70,121575
22:11:58,298.32,68,N/A,840,9501,100,14889,0x0000000000000004,0.73,121579
22:12:01,297.18,70,N/A,915,9501,100,14889,0x0000000000000004,0.73,121581
22:12:03,298.26,71,N/A,780,9501,100,14889,0x0000000000000004,0.73,121580
22:12:05,298.33,71,N/A,855,9501,100,14889,0x0000000000000004,0.83,121576
22:12:07,278.21,70,N/A,2565,9501,98,14825,0x0000000000000004,0.83,121578
22:12:09,292.27,72,N/A,1125,9501,100,14825,0x0000000000000004,0.84,121579
22:12:11,294.01,74,N/A,900,9501,100,14825,0x0000000000000004,0.84,121579
22:12:13,291.90,73,N/A,1020,9501,100,14825,0x0000000000000004,0.84,121582
22:12:15,296.59,75,N/A,885,9501,100,14825,0x0000000000000004,0.86,121587
22:12:17,297.27,76,N/A,1215,9501,100,14825,0x0000000000000004,0.86,121585
22:12:19,298.73,76,N/A,1005,9501,100,14825,0x0000000000000004,0.87,121586
22:12:21,101.53,69,N/A,2505,9501,0,13958,0x0000000000000000,0.87,122072
22:12:23,72.98,67,N/A,540,5001,0,13958,0x0000000000000001,0.87,122075
22:12:25,45.83,66,N/A,210,810,0,13958,0x0000000000000001,0.80,122075
22:12:27,36.92,64,N/A,210,405,0,13958,0x0000000000000001,0.80,122074
22:12:29,34.87,64,N/A,210,405,0,13958,0x0000000000000001,0.73,122069
22:12:31,63.76,63,N/A,2505,9501,0,14817,0x0000000000000000,0.73,121812
22:12:33,70.74,63,N/A,2505,9501,4,16353,0x0000000000000000,0.73,121736
22:12:35,69.97,62,N/A,2505,9501,10,18209,0x0000000000000000,0.76,121769
22:12:37,69.35,62,N/A,2505,9501,14,20033,0x0000000000000000,0.76,121684
22:12:39,68.96,61,N/A,2505,9501,14,21921,0x0000000000000000,0.78,121804
22:12:41,68.51,61,N/A,2505,9501,0,23593,0x0000000000000000,0.78,121535
22:12:43,284.44,68,N/A,1410,9501,96,23721,0x0000000000000004,0.78,121528
22:12:46,88.13,62,N/A,2745,9501,19,15009,0x0000000000000000,0.79,121713
22:12:48,68.87,61,N/A,2505,9501,13,16865,0x0000000000000000,0.79,121786
22:12:50,68.35,60,N/A,2505,9501,14,18689,0x0000000000000000,0.81,121828
22:12:52,68.14,60,N/A,2505,9501,14,20449,0x0000000000000000,0.81,121655
22:12:54,67.91,60,N/A,2505,9501,14,22369,0x0000000000000000,0.83,121808
22:12:56,188.49,67,N/A,1110,9501,100,24137,0x0000000000000004,0.83,121520
22:12:58,225.46,62,N/A,2745,9501,0,13989,0x0000000000000000,0.83,121875
22:13:00,80.71,60,N/A,2505,9501,10,16001,0x0000000000000000,0.84,121758
22:13:02,68.35,60,N/A,2505,9501,15,17793,0x0000000000000000,0.84,121806
22:13:04,68.08,59,N/A,2505,9501,24,19585,0x0000000000000000,0.93,121662
22:13:06,67.98,59,N/A,2505,9501,10,21441,0x0000000000000000,0.93,121723
22:13:08,67.86,59,N/A,2505,9501,21,23233,0x0000000000000000,0.93,121620
22:13:10,289.67,65,N/A,1920,9501,97,24169,0x0000000000000004,0.94,121525
22:13:12,88.57,60,N/A,2745,9501,5,15265,0x0000000000000000,0.94,121777
22:13:14,67.91,59,N/A,2505,9501,14,17089,0x0000000000000000,1.02,121720
22:13:16,67.56,59,N/A,2505,9501,10,18849,0x0000000000000000,1.02,121669
22:13:18,67.55,58,N/A,2505,9501,10,20705,0x0000000000000000,1.02,121755
22:13:20,67.45,58,N/A,2505,9501,10,22529,0x0000000000000000,1.02,121791
22:13:22,229.42,65,N/A,1500,9501,99,23625,0x0000000000000004,1.02,121595
22:13:24,294.28,67,N/A,1455,9501,98,23689,0x0000000000000004,1.02,121591
22:13:26,86.83,60,N/A,2505,9501,14,14977,0x0000000000000000,1.02,121757
22:13:28,67.70,59,N/A,2505,9501,8,16481,0x0000000000000000,1.02,121746
22:13:30,67.39,59,N/A,2505,9501,10,18273,0x0000000000000000,1.02,121633
22:13:33,67.28,58,N/A,2505,9501,8,20161,0x0000000000000000,1.02,121815
22:13:35,67.32,58,N/A,2505,9501,10,21921,0x0000000000000000,1.02,121642
22:13:37,105.94,64,N/A,855,9501,100,24105,0x0000000000000004,1.02,121492
22:13:39,282.40,66,N/A,1410,9501,95,24073,0x0000000000000004,1.02,121484
22:13:41,88.45,60,N/A,2745,9501,0,13958,0x0000000000000000,1.02,122075
22:13:43,59.56,58,N/A,420,5001,0,13958,0x0000000000000001,1.02,122076
22:13:45,45.06,58,N/A,210,5001,0,13958,0x0000000000000001,0.93,122075
22:13:47,40.78,57,N/A,210,810,0,13958,0x0000000000000001,0.93,122070
22:13:49,34.16,57,N/A,210,405,0,13958,0x0000000000000001,0.86,122071
22:13:51,32.87,56,N/A,210,405,0,13958,0x0000000000000001,0.86,122076
22:13:53,32.79,56,N/A,210,405,0,13958,0x0000000000000001,0.86,122079
22:13:55,32.67,55,N/A,210,405,0,13958,0x0000000000000001,0.79,122078
22:13:57,32.69,55,N/A,210,405,0,13958,0x0000000000000001,0.79,122080
22:13:59,32.67,55,N/A,210,405,0,13958,0x0000000000000001,0.73,122080
22:14:01,32.64,54,N/A,210,405,0,13958,0x0000000000000001,0.73,122087
22:14:03,32.58,54,N/A,210,405,0,13958,0x0000000000000001,0.73,122077
22:14:05,32.63,54,N/A,210,405,0,13958,0x0000000000000001,0.75,122077
22:14:07,32.67,53,N/A,210,405,0,13958,0x0000000000000001,0.75,122080
22:14:09,32.56,53,N/A,210,405,0,13958,0x0000000000000001,0.69,122084
22:14:11,32.42,53,N/A,210,405,0,13958,0x0000000000000001,0.69,122080
22:14:13,32.28,52,N/A,210,405,0,13958,0x0000000000000001,0.69,122079
22:14:15,32.26,52,N/A,210,405,0,13958,0x0000000000000001,0.63,122075
22:14:18,32.30,52,N/A,210,405,0,13958,0x0000000000000001,0.63,122077
22:14:20,32.08,51,N/A,210,405,0,13958,0x0000000000000001,0.58,122078
22:14:22,32.10,51,N/A,210,405,0,13958,0x0000000000000001,0.58,122069
22:14:24,32.05,51,N/A,210,405,0,13958,0x0000000000000001,0.54,122069
22:14:26,31.96,51,N/A,210,405,0,13958,0x0000000000000001,0.54,122070
22:14:28,31.79,51,N/A,210,405,0,13958,0x0000000000000001,0.54,122072
22:14:30,31.83,50,N/A,210,405,0,13958,0x0000000000000001,0.49,122072
22:14:32,31.81,50,N/A,210,405,0,13958,0x0000000000000001,0.49,122069
22:14:34,31.68,50,N/A,210,405,0,13958,0x0000000000000001,0.53,122069
22:14:36,31.50,50,N/A,210,405,0,13958,0x0000000000000001,0.53,121964
22:14:38,31.56,49,N/A,210,405,0,13958,0x0000000000000001,0.53,121655
22:14:40,31.40,49,N/A,210,405,0,13958,0x0000000000000001,0.57,121825
22:14:42,31.51,49,N/A,210,405,0,13958,0x0000000000000001,0.57,121377
22:14:44,34.19,49,N/A,2505,9501,4,14433,0x0000000000000000,1.17,121757
22:14:46,64.90,50,N/A,2505,9501,9,15457,0x0000000000000000,1.17,121666
22:14:48,65.14,50,N/A,2505,9501,23,16801,0x0000000000000000,1.17,121689
22:14:50,65.09,50,N/A,2505,9501,23,18561,0x0000000000000000,1.15,121644
22:14:52,65.03,50,N/A,2505,9501,14,20417,0x0000000000000000,1.15,121729
22:14:54,64.78,50,N/A,2505,9501,14,22241,0x0000000000000000,1.14,121690
22:14:56,174.08,56,N/A,1935,9501,99,23689,0x0000000000000004,1.14,121592
22:14:58,278.84,54,N/A,2760,9501,89,16681,0x0000000000000004,1.14,121586
22:15:01,78.49,52,N/A,2505,9501,14,16001,0x0000000000000000,1.13,121754
22:15:03,65.73,51,N/A,2505,9501,12,17761,0x0000000000000000,1.13,121803
22:15:05,65.62,51,N/A,2505,9501,14,19585,0x0000000000000000,1.12,121653
22:15:07,65.69,51,N/A,2505,9501,14,21441,0x0000000000000000,1.12,121794
22:15:09,65.59,51,N/A,2505,9501,14,23233,0x0000000000000000,1.19,121628
22:15:11,284.84,60,N/A,1545,9501,94,24137,0x0000000000000004,1.19,121570
22:15:13,82.96,53,N/A,2760,9501,3,14977,0x0000000000000000,1.19,121749
22:15:15,65.94,53,N/A,2505,9501,23,16641,0x0000000000000000,1.17,121734
22:15:17,66.02,52,N/A,2505,9501,19,18401,0x0000000000000000,1.17,121697
22:15:19,66.06,52,N/A,2505,9501,14,20161,0x0000000000000000,1.16,121665
22:15:21,65.91,52,N/A,2505,9501,10,21953,0x0000000000000000,1.16,121625
22:15:23,89.97,59,N/A,1335,9501,88,24169,0x0000000000000004,1.16,121574
22:15:25,290.47,60,N/A,1665,9501,96,24169,0x0000000000000004,1.15,121570
22:15:27,83.02,54,N/A,2760,9501,10,15265,0x0000000000000000,1.15,121754
22:15:29,66.25,54,N/A,2505,9501,23,17089,0x0000000000000000,1.13,121712
22:15:31,66.19,53,N/A,2505,9501,14,18945,0x0000000000000000,1.13,121630
22:15:33,66.12,53,N/A,2505,9501,14,20705,0x0000000000000000,1.13,121729
22:15:35,66.10,53,N/A,2505,9501,21,22529,0x0000000000000000,1.12,121684
22:15:37,231.10,60,N/A,1560,9501,99,23625,0x0000000000000004,1.12,121588
22:15:39,295.23,62,N/A,1590,9501,98,23177,0x0000000000000004,1.11,121579
22:15:41,86.89,56,N/A,2760,9501,0,13958,0x0000000000000000,1.11,122075
22:15:43,60.51,54,N/A,345,5001,0,13958,0x0000000000000001,1.11,122077
22:15:45,44.69,54,N/A,210,5001,0,13958,0x0000000000000001,1.02,122075
22:15:48,34.52,53,N/A,210,810,0,13958,0x0000000000000001,1.02,122064
22:15:50,32.46,53,N/A,210,405,0,13958,0x0000000000000001,0.94,122078
22:15:52,32.47,52,N/A,210,405,0,13958,0x0000000000000001,0.94,122070
22:15:54,32.41,52,N/A,210,405,0,13958,0x0000000000000001,0.87,122076
22:15:56,32.30,52,N/A,210,405,0,13958,0x0000000000000001,0.87,122078
22:15:58,32.23,52,N/A,210,405,0,13958,0x0000000000000001,0.87,122078
22:16:00,32.08,51,N/A,210,405,0,13958,0x0000000000000001,0.80,122084
22:16:02,32.12,51,N/A,210,405,0,13958,0x0000000000000001,0.80,122082
22:16:04,32.13,51,N/A,210,405,0,13958,0x0000000000000001,0.73,122080
22:16:06,32.00,50,N/A,210,405,0,13958,0x0000000000000001,0.73,122077
22:16:08,32.03,50,N/A,210,405,0,13958,0x0000000000000001,0.73,122075
22:16:10,31.97,50,N/A,210,405,0,13958,0x0000000000000001,0.67,122073
22:16:12,31.66,50,N/A,210,405,0,13958,0x0000000000000001,0.67,122075
22:16:14,31.71,50,N/A,210,405,0,13958,0x0000000000000001,0.70,122078
22:16:16,31.82,49,N/A,210,405,0,13958,0x0000000000000001,0.70,122077
22:16:18,31.64,49,N/A,210,405,0,13958,0x0000000000000001,0.70,122080
22:16:20,31.01,49,N/A,210,405,0,13958,0x0000000000000001,0.64,122074
22:16:22,31.01,49,N/A,210,405,0,13958,0x0000000000000001,0.64,122079
22:16:24,30.91,48,N/A,210,405,0,13958,0x0000000000000001,0.59,122078
22:16:26,30.68,48,N/A,210,405,0,13958,0x0000000000000001,0.59,122080
22:16:28,30.86,48,N/A,210,405,0,13958,0x0000000000000001,0.59,122078
22:16:31,30.24,48,N/A,210,405,0,13958,0x0000000000000001,0.54,122078
22:16:33,30.05,47,N/A,210,405,0,13958,0x0000000000000001,0.54,122082
22:16:35,30.00,47,N/A,210,405,0,13958,0x0000000000000001,0.50,122072
22:16:37,29.96,47,N/A,210,405,0,13958,0x0000000000000001,0.50,122071
22:16:39,29.40,47,N/A,210,405,0,13958,0x0000000000000001,0.46,122071
22:16:41,29.09,47,N/A,210,405,0,13958,0x0000000000000001,0.46,122071
22:16:43,29.07,46,N/A,210,405,0,13958,0x0000000000000001,0.46,122069
22:16:45,29.14,46,N/A,210,405,0,13958,0x0000000000000001,0.42,122066
22:16:47,28.70,46,N/A,210,405,0,13958,0x0000000000000001,0.42,122068
22:16:49,28.51,46,N/A,210,405,0,13958,0x0000000000000001,0.39,122064
22:16:51,28.04,46,N/A,210,405,0,13958,0x0000000000000001,0.39,122066
22:16:53,27.99,46,N/A,210,405,0,13958,0x0000000000000001,0.39,122064
22:16:55,27.45,45,N/A,210,405,0,13958,0x0000000000000001,0.36,122063
22:16:57,27.40,45,N/A,210,405,0,13958,0x0000000000000001,0.36,122062
22:16:59,27.77,45,N/A,210,405,0,13958,0x0000000000000001,0.33,122062
22:17:01,27.44,45,N/A,210,405,0,13958,0x0000000000000001,0.33,122067
22:17:03,27.54,45,N/A,210,405,0,13958,0x0000000000000001,0.33,122067
22:17:05,27.15,45,N/A,210,405,0,13958,0x0000000000000001,0.38,122085
22:17:07,26.81,44,N/A,210,405,0,13958,0x0000000000000001,0.38,122084
22:17:09,26.69,44,N/A,210,405,0,13958,0x0000000000000001,0.35,122085
22:17:11,26.66,44,N/A,210,405,0,13958,0x0000000000000001,0.35,122083
22:17:14,26.22,44,N/A,210,405,0,13958,0x0000000000000001,0.35,122082
22:17:16,26.50,44,N/A,210,405,0,13958,0x0000000000000001,0.40,122085
22:17:18,26.32,44,N/A,210,405,0,13958,0x0000000000000001,0.40,122083
22:17:20,26.20,44,N/A,210,405,0,13958,0x0000000000000001,0.53,122085
22:17:22,26.69,43,N/A,210,405,0,13958,0x0000000000000001,0.53,122081
22:17:24,26.34,43,N/A,210,405,0,13958,0x0000000000000001,0.49,122080
22:17:26,25.54,43,N/A,210,405,0,13958,0x0000000000000001,0.49,122081
22:17:28,25.58,43,N/A,210,405,0,13958,0x0000000000000001,0.49,122079
22:17:30,25.53,43,N/A,210,405,0,13958,0x0000000000000001,0.45,122079
22:17:32,25.68,43,N/A,210,405,0,13958,0x0000000000000001,0.45,122082
22:17:34,25.46,43,N/A,210,405,0,13958,0x0000000000000001,0.41,122072
22:17:36,25.43,43,N/A,210,405,0,13958,0x0000000000000001,0.41,122077
22:17:38,25.53,43,N/A,210,405,0,13958,0x0000000000000001,0.41,122078
22:17:40,25.62,42,N/A,210,405,0,13958,0x0000000000000001,0.38,122076
22:17:42,25.42,42,N/A,210,405,0,13958,0x0000000000000001,0.38,122076
22:17:44,25.27,42,N/A,210,405,0,13958,0x0000000000000001,0.35,122075
22:17:46,25.19,42,N/A,210,405,0,13958,0x0000000000000001,0.35,122076
22:17:48,24.58,42,N/A,210,405,0,13958,0x0000000000000001,0.35,122079
22:17:50,24.55,42,N/A,210,405,0,13958,0x0000000000000001,0.40,122072
22:17:52,24.73,42,N/A,210,405,0,13958,0x0000000000000001,0.40,122069
22:17:54,24.48,42,N/A,210,405,0,13958,0x0000000000000001,0.37,122070
22:17:57,24.49,41,N/A,210,405,0,13958,0x0000000000000001,0.37,122072
22:17:59,24.38,41,N/A,210,405,0,13958,0x0000000000000001,0.37,122074
22:18:01,24.00,41,N/A,210,405,0,13958,0x0000000000000001,0.34,122072
22:18:03,24.10,41,N/A,210,405,0,13958,0x0000000000000001,0.34,122076
22:18:05,24.18,41,N/A,210,405,0,13958,0x0000000000000001,0.31,122080
22:18:07,24.30,41,N/A,210,405,0,13958,0x0000000000000001,0.31,122082
22:18:09,24.38,41,N/A,210,405,0,13958,0x0000000000000001,0.29,122079
22:18:11,23.93,41,N/A,210,405,0,13958,0x0000000000000001,0.29,122080
22:18:13,24.23,41,N/A,210,405,0,13958,0x0000000000000001,0.29,122081
22:18:15,24.15,41,N/A,210,405,0,13958,0x0000000000000001,0.26,122081
22:18:17,24.10,41,N/A,210,405,0,13958,0x0000000000000001,0.26,122081
22:18:19,24.33,40,N/A,210,405,0,13958,0x0000000000000001,0.24,122084
22:18:21,24.14,40,N/A,210,405,0,13958,0x0000000000000001,0.24,122075
22:18:23,24.41,40,N/A,210,405,0,13958,0x0000000000000001,0.24,122072
22:18:25,24.09,40,N/A,210,405,0,13958,0x0000000000000001,0.30,122071
22:18:27,24.50,40,N/A,210,405,0,13958,0x0000000000000001,0.30,122069
22:18:29,24.10,40,N/A,210,405,0,13958,0x0000000000000001,0.28,122072
22:18:31,24.08,40,N/A,210,405,0,13958,0x0000000000000001,0.28,122071
22:18:33,24.52,40,N/A,210,405,0,13958,0x0000000000000001,0.28,122031
22:18:35,24.14,40,N/A,210,405,0,13958,0x0000000000000001,0.34,121828
22:18:37,23.66,40,N/A,210,405,0,13958,0x0000000000000001,0.34,121646
22:18:40,23.73,40,N/A,210,405,0,13958,0x0000000000000001,0.47,121736
22:18:42,23.65,40,N/A,210,405,0,13958,0x0000000000000001,0.47,121376
22:18:44,36.67,40,N/A,2505,9501,14,14593,0x0000000000000000,0.47,121794
22:18:46,58.63,41,N/A,2505,9501,0,15457,0x0000000000000000,0.51,121661
22:18:48,59.52,41,N/A,2505,9501,10,16865,0x0000000000000000,0.51,121735
22:18:50,59.02,41,N/A,2505,9501,0,18497,0x0000000000000000,0.63,121761
22:18:52,59.38,41,N/A,2505,9501,24,20033,0x0000000000000000,0.63,121641
22:18:54,59.07,41,N/A,2505,9501,3,21729,0x0000000000000000,0.66,121774
22:18:56,59.42,41,N/A,2505,9501,7,23233,0x0000000000000000,0.66,121555
22:18:58,288.88,48,N/A,1530,9501,97,23721,0x0000000000000004,0.66,121581
