time,gpu_power_w,gpu_temp_c,mem_temp_c,sm_mhz,mem_mhz,gpu_util,mem_used_mib,throttle,load1,mem_avail_mib
09:10:49,23.64,33,N/A,210,405,0,2,0x0000000000000001,0.18,124366
09:10:51,23.59,33,N/A,210,405,0,2,0x0000000000000001,0.17,124355
09:10:53,23.68,33,N/A,210,405,0,2,0x0000000000000001,0.17,124367
09:10:55,23.46,33,N/A,210,405,0,2,0x0000000000000001,0.17,124366
09:10:57,23.72,33,N/A,210,405,0,2,0x0000000000000001,0.15,124367
09:10:59,23.79,33,N/A,210,405,0,2,0x0000000000000001,0.15,123893
09:11:01,23.77,33,N/A,210,405,0,2,0x0000000000000001,0.22,123826
09:11:03,23.69,33,N/A,210,405,0,2,0x0000000000000001,0.22,123666
09:11:05,23.64,33,N/A,210,405,0,2,0x0000000000000001,0.20,123449
09:11:07,23.69,33,N/A,210,405,0,2,0x0000000000000001,0.20,123399
09:11:09,23.89,33,N/A,210,405,0,2,0x0000000000000001,0.20,123134
09:11:11,23.90,33,N/A,210,405,0,2,0x0000000000000001,0.19,122845
09:11:13,24.05,33,N/A,210,405,0,2,0x0000000000000001,0.19,122563
09:11:15,23.73,33,N/A,210,405,0,2,0x0000000000000001,0.17,122304
09:11:17,23.74,33,N/A,210,405,0,2,0x0000000000000001,0.17,122026
09:11:19,23.92,33,N/A,210,405,0,2,0x0000000000000001,0.17,121766
09:11:22,24.08,33,N/A,210,405,0,2,0x0000000000000001,0.24,121534
09:11:24,23.86,33,N/A,210,405,0,2,0x0000000000000001,0.24,121465
09:11:26,23.89,33,N/A,210,405,0,2,0x0000000000000001,0.38,121425
09:11:28,24.08,33,N/A,210,405,0,2,0x0000000000000001,0.38,121395
09:11:30,23.79,33,N/A,210,405,0,2,0x0000000000000001,0.38,121390
09:11:32,23.97,33,N/A,210,405,0,2,0x0000000000000001,0.35,121370
09:11:34,23.88,33,N/A,210,405,0,2,0x0000000000000001,0.35,123580
09:11:36,23.98,33,N/A,210,405,0,2,0x0000000000000001,0.32,123236
09:11:38,24.23,33,N/A,210,405,0,2,0x0000000000000001,0.32,122977
09:11:40,24.15,33,N/A,210,405,0,2,0x0000000000000001,0.38,122708
09:11:42,24.14,33,N/A,210,405,0,2,0x0000000000000001,0.38,122440
09:11:44,23.87,33,N/A,210,405,0,2,0x0000000000000001,0.38,122166
09:11:46,23.97,33,N/A,210,405,0,2,0x0000000000000001,0.75,121921
09:11:49,24.17,33,N/A,210,405,0,2,0x0000000000000001,0.75,121723
09:11:51,24.26,33,N/A,210,405,0,2,0x0000000000000001,0.69,121849
09:11:53,24.12,33,N/A,210,405,0,2,0x0000000000000001,0.69,122034
09:11:55,24.08,33,N/A,210,405,0,2,0x0000000000000001,0.69,121781
09:11:57,24.14,33,N/A,210,405,0,2,0x0000000000000001,0.63,121514
09:11:59,24.18,33,N/A,210,405,0,2,0x0000000000000001,0.63,121363
09:12:01,24.03,33,N/A,210,405,0,2,0x0000000000000001,0.58,121342
09:12:03,23.86,33,N/A,210,405,0,2,0x0000000000000001,0.58,121335
09:12:05,23.90,33,N/A,210,405,0,2,0x0000000000000001,0.58,123472
09:12:07,23.94,33,N/A,210,405,0,2,0x0000000000000001,0.61,123217
09:12:09,24.10,33,N/A,210,405,0,2,0x0000000000000001,0.61,122949
09:12:11,24.08,33,N/A,210,405,0,2,0x0000000000000001,0.56,122691
09:12:13,23.98,33,N/A,210,405,0,2,0x0000000000000001,0.56,122429
09:12:15,24.10,33,N/A,210,405,0,2,0x0000000000000001,0.52,122157
09:12:17,23.93,33,N/A,210,405,0,2,0x0000000000000001,0.52,121898
09:12:19,23.85,33,N/A,210,405,0,2,0x0000000000000001,0.52,121659
09:12:21,23.94,33,N/A,210,405,0,2,0x0000000000000001,0.48,121402
09:12:24,24.10,33,N/A,210,405,0,2,0x0000000000000001,0.48,123505
09:12:26,24.02,33,N/A,210,405,0,2,0x0000000000000001,0.52,123219
09:12:28,24.01,33,N/A,210,405,0,2,0x0000000000000001,0.52,122954
09:12:30,24.06,33,N/A,210,405,0,2,0x0000000000000001,0.52,122689
09:12:32,24.11,33,N/A,210,405,0,2,0x0000000000000001,0.48,122416
09:12:34,24.11,33,N/A,210,405,0,2,0x0000000000000001,0.48,122153
09:12:36,24.14,33,N/A,210,405,0,2,0x0000000000000001,0.52,121891
09:12:38,24.29,33,N/A,210,405,0,2,0x0000000000000001,0.52,121649
09:12:40,24.26,33,N/A,210,405,0,2,0x0000000000000001,0.52,122385
09:12:42,24.15,33,N/A,210,405,0,2,0x0000000000000001,0.48,122245
09:12:44,23.94,33,N/A,210,405,0,2,0x0000000000000001,0.48,121983
09:12:46,24.05,33,N/A,210,405,0,2,0x0000000000000001,0.60,122689
09:12:48,24.07,33,N/A,210,405,0,2,0x0000000000000001,0.60,122426
09:12:50,24.20,33,N/A,210,405,0,2,0x0000000000000001,0.79,122155
09:12:52,24.16,33,N/A,210,405,0,2,0x0000000000000001,0.79,121889
09:12:54,24.12,33,N/A,210,405,0,2,0x0000000000000001,0.79,121963
09:12:57,24.09,33,N/A,210,405,0,2,0x0000000000000001,0.73,121629
09:12:59,24.16,33,N/A,210,405,0,2,0x0000000000000001,0.73,121380
09:13:01,24.18,33,N/A,210,405,0,2,0x0000000000000001,0.67,122423
09:13:03,24.14,33,N/A,210,405,0,2,0x0000000000000001,0.67,122150
09:13:05,24.13,33,N/A,210,405,0,2,0x0000000000000001,0.67,122506
09:13:07,23.97,33,N/A,210,405,0,2,0x0000000000000001,0.70,122250
09:13:09,23.95,33,N/A,210,405,0,2,0x0000000000000001,0.70,121999
09:13:11,24.08,33,N/A,210,405,0,2,0x0000000000000001,0.88,121719
09:13:13,24.34,33,N/A,210,405,0,2,0x0000000000000001,0.88,121482
09:13:15,24.19,33,N/A,210,405,0,2,0x0000000000000001,1.05,121308
09:13:17,24.07,33,N/A,210,405,0,2,0x0000000000000001,1.05,122646
09:13:19,24.24,33,N/A,210,405,0,2,0x0000000000000001,1.05,122374
09:13:22,24.20,33,N/A,210,405,0,2,0x0000000000000001,1.13,122123
09:13:24,24.14,33,N/A,210,405,0,2,0x0000000000000001,1.13,121863
09:13:26,23.89,33,N/A,210,405,0,2,0x0000000000000001,1.52,122428
09:13:28,24.22,33,N/A,210,405,0,2,0x0000000000000001,1.52,122274
09:13:30,24.22,33,N/A,210,405,0,2,0x0000000000000001,1.52,122296
09:13:32,24.21,33,N/A,210,405,0,2,0x0000000000000001,1.40,122022
09:13:34,24.23,33,N/A,210,405,0,2,0x0000000000000001,1.40,122145
09:13:36,24.16,33,N/A,210,405,0,2,0x0000000000000001,1.68,121903
09:13:38,24.04,33,N/A,210,405,0,2,0x0000000000000001,1.68,121643
09:13:40,23.59,33,N/A,210,405,0,2,0x0000000000000001,1.71,121386
09:13:42,23.93,33,N/A,210,405,0,2,0x0000000000000001,1.71,121299
09:13:44,24.18,33,N/A,210,405,0,2,0x0000000000000001,1.71,122728
09:13:46,23.99,33,N/A,210,405,0,2,0x0000000000000001,1.73,123342
09:13:49,24.14,33,N/A,210,405,0,2,0x0000000000000001,1.73,123064
09:13:51,24.07,33,N/A,210,405,0,2,0x0000000000000001,1.67,122800
09:13:53,23.68,33,N/A,210,405,0,2,0x0000000000000001,1.67,122538
09:13:55,23.90,33,N/A,210,405,0,2,0x0000000000000001,1.67,122276
09:13:57,23.98,33,N/A,210,405,0,2,0x0000000000000001,1.54,122014
09:13:59,23.79,33,N/A,210,405,0,2,0x0000000000000001,1.54,121741
09:14:02,24.16,33,N/A,210,405,0,2,0x0000000000000001,1.58,121862
09:14:04,24.01,33,N/A,210,405,0,2,0x0000000000000001,1.58,121601
09:14:06,24.12,33,N/A,210,405,0,2,0x0000000000000001,1.45,121850
09:14:08,24.12,33,N/A,210,405,0,2,0x0000000000000001,1.45,122704
09:14:10,24.29,33,N/A,210,405,0,2,0x0000000000000001,1.45,122650
09:14:12,24.27,33,N/A,210,405,0,2,0x0000000000000001,1.41,122719
09:14:14,24.19,33,N/A,210,405,0,2,0x0000000000000001,1.41,122715
09:14:16,23.79,33,N/A,210,405,0,2,0x0000000000000001,1.46,122654
09:14:18,23.98,33,N/A,210,405,0,2,0x0000000000000001,1.46,123908
09:14:20,24.08,33,N/A,210,405,0,2,0x0000000000000001,1.51,124263
09:14:22,24.19,33,N/A,210,405,0,2,0x0000000000000001,1.51,124263
09:14:24,24.13,33,N/A,210,405,0,2,0x0000000000000001,1.51,124261
09:14:27,24.35,33,N/A,210,405,0,2,0x0000000000000001,1.55,124259
09:14:29,24.28,33,N/A,210,405,0,2,0x0000000000000001,1.55,124260
09:14:31,24.17,33,N/A,210,405,0,2,0x0000000000000001,1.50,124260
09:14:33,24.20,33,N/A,210,405,0,2,0x0000000000000001,1.50,124260
09:14:35,23.99,33,N/A,210,405,0,2,0x0000000000000001,1.50,124260
09:14:37,23.93,33,N/A,210,405,0,2,0x0000000000000001,1.38,124268
09:14:39,23.89,33,N/A,210,405,0,2,0x0000000000000001,1.38,124267
09:14:41,23.84,33,N/A,210,405,0,2,0x0000000000000001,1.27,124270
09:14:43,23.93,33,N/A,210,405,0,2,0x0000000000000001,1.27,124271
09:14:45,24.03,33,N/A,210,405,0,2,0x0000000000000001,1.27,124268
09:14:47,24.10,33,N/A,210,405,0,2,0x0000000000000001,1.17,124266
09:14:49,23.94,33,N/A,210,405,0,2,0x0000000000000001,1.17,124263
09:14:51,23.85,33,N/A,210,405,0,2,0x0000000000000001,1.07,124263
09:14:53,23.77,33,N/A,210,405,0,2,0x0000000000000001,1.07,124262
09:14:55,23.85,33,N/A,210,405,0,2,0x0000000000000001,1.07,124266
09:14:57,23.77,33,N/A,210,405,0,2,0x0000000000000001,0.99,124265
09:14:59,23.94,33,N/A,210,405,0,2,0x0000000000000001,0.99,124266
09:15:01,23.78,33,N/A,210,405,0,2,0x0000000000000001,0.91,124267
09:15:03,23.75,33,N/A,210,405,0,2,0x0000000000000001,0.91,124268
09:15:05,23.71,33,N/A,210,405,0,2,0x0000000000000001,0.84,124268
09:15:07,23.62,33,N/A,210,405,0,2,0x0000000000000001,0.84,124264
09:15:10,23.99,33,N/A,210,405,0,2,0x0000000000000001,0.84,124260
09:15:12,24.01,33,N/A,210,405,0,2,0x0000000000000001,0.77,124260
09:15:14,24.06,33,N/A,210,405,0,2,0x0000000000000001,0.77,124261
09:15:16,23.84,33,N/A,210,405,0,2,0x0000000000000001,0.71,124261
09:15:18,23.75,33,N/A,210,405,0,2,0x0000000000000001,0.71,124258
09:15:20,23.93,33,N/A,210,405,0,2,0x0000000000000001,0.71,123951
09:15:22,23.93,33,N/A,210,405,0,2,0x0000000000000001,0.73,123899
09:15:24,24.41,33,N/A,210,405,0,2,0x0000000000000001,0.73,123843
09:15:26,24.37,33,N/A,210,405,0,2,0x0000000000000001,6.28,94272
09:15:28,24.35,33,N/A,210,405,0,2,0x0000000000000001,6.28,80789
09:15:30,24.21,33,N/A,210,405,0,2,0x0000000000000001,6.28,80617
09:15:32,24.70,33,N/A,210,405,0,4,0x0000000000000001,8.10,80188
09:15:34,24.48,33,N/A,210,405,0,4,0x0000000000000001,8.10,80345
09:15:36,24.23,33,N/A,210,405,0,4,0x0000000000000001,9.45,80323
09:15:38,24.27,33,N/A,210,405,0,4,0x0000000000000001,9.45,80080
09:15:40,24.31,33,N/A,210,405,0,4,0x0000000000000001,9.45,79708
09:15:42,24.49,33,N/A,210,405,0,4,0x0000000000000001,10.94,80196
09:15:44,24.32,33,N/A,210,405,0,4,0x0000000000000001,10.94,80022
09:15:46,24.48,33,N/A,210,405,0,4,0x0000000000000001,11.98,80374
09:15:48,24.42,33,N/A,210,405,0,4,0x0000000000000001,11.98,80144
09:15:50,24.49,33,N/A,210,405,0,4,0x0000000000000001,12.95,80015
09:15:52,24.32,33,N/A,210,405,0,4,0x0000000000000001,12.95,80354
09:15:54,24.37,33,N/A,210,405,0,4,0x0000000000000001,12.95,80372
09:15:57,24.41,33,N/A,210,405,0,4,0x0000000000000001,13.91,80116
09:15:59,56.55,34,N/A,2505,9501,19,768,0x0000000000000000,13.91,79724
09:16:01,55.68,34,N/A,2505,9501,15,1600,0x0000000000000000,14.80,79648
09:16:03,55.69,34,N/A,2505,9501,0,2208,0x0000000000000000,14.80,79746
09:16:05,55.71,34,N/A,2505,9501,0,3040,0x0000000000000000,14.80,79818
09:16:07,55.80,34,N/A,2505,9501,8,3840,0x0000000000000000,15.62,79743
09:16:09,55.64,35,N/A,2505,9501,0,4512,0x0000000000000000,15.62,79710
09:16:11,55.89,35,N/A,2505,9501,0,5344,0x0000000000000000,16.37,80096
09:16:13,55.92,35,N/A,2505,9501,0,5952,0x0000000000000000,16.37,79741
09:16:15,56.07,35,N/A,2505,9501,0,6784,0x0000000000000000,16.37,79623
09:16:17,56.13,35,N/A,2505,9501,8,7616,0x0000000000000000,17.06,79665
09:16:19,56.13,35,N/A,2505,9501,1,8416,0x0000000000000000,17.06,79970
09:16:21,56.07,36,N/A,2505,9501,0,9088,0x0000000000000000,17.70,79753
09:16:23,55.98,36,N/A,2505,9501,0,9920,0x0000000000000000,17.70,79764
09:16:25,56.08,36,N/A,2505,9501,0,10528,0x0000000000000000,17.70,79419
09:16:27,55.94,36,N/A,2505,9501,5,11360,0x0000000000000000,18.28,79479
09:16:29,56.23,36,N/A,2505,9501,8,12160,0x0000000000000000,18.28,79962
09:16:31,56.68,36,N/A,2505,9501,0,12960,0x0000000000000000,18.82,79755
09:16:33,56.61,36,N/A,2505,9501,37,13664,0x0000000000000000,18.82,79664
09:16:35,56.51,36,N/A,2505,9501,0,14496,0x0000000000000000,18.82,79278
09:16:37,56.57,37,N/A,2505,9501,0,15104,0x0000000000000000,19.39,79521
09:16:39,56.28,37,N/A,2505,9501,0,15936,0x0000000000000000,19.39,79564
09:16:41,56.60,37,N/A,2505,9501,5,16768,0x0000000000000000,19.84,79617
09:16:43,56.39,37,N/A,2505,9501,18,17536,0x0000000000000000,19.84,79633
09:16:45,56.52,37,N/A,2505,9501,0,18240,0x0000000000000000,19.84,79648
09:16:47,56.79,37,N/A,2505,9501,37,19072,0x0000000000000000,20.26,79722
09:16:49,56.59,37,N/A,2505,9501,0,19680,0x0000000000000000,20.26,79232
09:16:51,56.54,37,N/A,2505,9501,0,20512,0x0000000000000000,20.64,79268
09:16:53,56.89,38,N/A,2505,9501,0,21280,0x0000000000000000,20.64,79152
09:16:56,107.39,44,N/A,855,9501,98,22056,0x0000000000000004,20.99,79585
09:16:58,249.38,45,N/A,885,9501,99,22056,0x0000000000000004,20.99,79654
09:17:00,94.06,41,N/A,2775,9501,3,544,0x0000000000000000,20.99,79796
09:17:02,65.57,40,N/A,2505,9501,8,3264,0x0000000000000000,21.31,79548
09:17:04,58.52,40,N/A,2505,9501,24,5952,0x0000000000000000,21.31,79595
09:17:06,58.60,40,N/A,2505,9501,0,8672,0x0000000000000000,21.60,79612
09:17:08,58.89,40,N/A,2505,9501,25,11712,0x0000000000000000,21.60,79862
09:17:10,58.49,40,N/A,2505,9501,16,14688,0x0000000000000000,21.60,79694
09:17:12,58.63,40,N/A,2505,9501,10,17824,0x0000000000000000,21.88,79565
09:17:14,58.87,40,N/A,2505,9501,37,20928,0x0000000000000000,21.88,79711
09:17:16,205.17,47,N/A,1005,9501,100,22818,0x0000000000000004,22.21,79516
09:17:18,249.75,48,N/A,1035,9501,99,22818,0x0000000000000004,22.21,79769
09:17:20,249.24,49,N/A,990,9501,100,22818,0x0000000000000004,22.21,79715
09:17:22,249.32,50,N/A,960,9501,100,22818,0x0000000000000004,22.51,79769
09:17:24,249.28,51,N/A,930,9501,100,22818,0x0000000000000004,22.51,79769
09:17:26,249.38,52,N/A,960,9501,100,22818,0x0000000000000004,22.71,79637
09:17:28,249.31,54,N/A,915,9501,100,22818,0x0000000000000004,22.71,79421
09:17:30,249.24,54,N/A,990,9501,100,22818,0x0000000000000004,22.71,79811
09:17:32,82.43,49,N/A,2760,10001,0,4,0x0000000000000000,22.89,79921
09:17:34,68.86,48,N/A,570,5001,0,4,0x0000000000000001,22.89,79842
09:17:36,56.43,48,N/A,2355,10001,0,4,0x0000000000000001,23.06,80137
09:17:38,51.78,48,N/A,2385,10001,0,4,0x0000000000000001,23.06,80110
09:17:40,52.99,48,N/A,2550,10001,0,4,0x0000000000000001,23.06,80053
09:17:42,61.45,47,N/A,2505,9501,5,960,0x0000000000000000,23.14,79368
09:17:44,60.89,47,N/A,2505,9501,11,1728,0x0000000000000000,23.14,79410
09:17:46,60.79,47,N/A,2505,9501,0,2432,0x0000000000000000,23.37,79699
09:17:48,60.74,47,N/A,2505,9501,20,3264,0x0000000000000000,23.37,79748
09:17:51,60.88,47,N/A,2505,9501,0,3872,0x0000000000000000,23.58,79200
09:17:53,60.87,47,N/A,2505,9501,0,4704,0x0000000000000000,23.58,79258
09:17:55,60.96,47,N/A,2505,9501,5,5536,0x0000000000000000,23.58,79625
09:17:57,60.93,47,N/A,2505,9501,11,6336,0x0000000000000000,23.69,79805
09:17:59,61.02,47,N/A,2505,9501,0,7072,0x0000000000000000,23.69,79405
09:18:01,60.68,47,N/A,2505,9501,9,7840,0x0000000000000000,23.80,79638
09:18:03,60.81,47,N/A,2505,9501,0,8448,0x0000000000000000,23.80,79263
09:18:05,60.90,47,N/A,2505,9501,4,9280,0x0000000000000000,23.80,79631
09:18:07,60.72,47,N/A,2505,9501,0,10080,0x0000000000000000,23.89,79828
09:18:09,60.33,47,N/A,2505,9501,1,10880,0x0000000000000000,23.89,79555
09:18:11,60.53,47,N/A,2505,9501,31,11584,0x0000000000000000,23.98,79597
09:18:13,60.69,46,N/A,2505,9501,0,12192,0x0000000000000000,23.98,79333
09:18:15,60.67,46,N/A,2505,9501,0,13024,0x0000000000000000,23.98,79607
09:18:17,60.64,46,N/A,2505,9501,8,13824,0x0000000000000000,24.06,79795
09:18:19,60.70,46,N/A,2505,9501,0,14624,0x0000000000000000,24.06,79721
09:18:21,60.54,46,N/A,2505,9501,0,15328,0x0000000000000000,24.14,79527
09:18:23,60.67,46,N/A,2505,9501,0,16160,0x0000000000000000,24.14,79490
09:18:25,60.56,46,N/A,2505,9501,0,16768,0x0000000000000000,24.14,79476
09:18:27,60.46,46,N/A,2505,9501,0,17600,0x0000000000000000,24.21,79505
09:18:29,60.36,46,N/A,2505,9501,5,18432,0x0000000000000000,24.21,79595
09:18:31,60.55,46,N/A,2505,9501,0,19200,0x0000000000000000,24.27,79546
09:18:33,60.43,46,N/A,2505,9501,0,19904,0x0000000000000000,24.27,79632
09:18:35,60.34,46,N/A,2505,9501,0,20736,0x0000000000000000,24.27,79816
09:18:37,60.52,46,N/A,2505,9501,28,21504,0x0000000000000000,24.49,79749
09:18:39,228.25,51,N/A,2685,9501,80,22056,0x0000000000000004,24.49,79619
09:18:41,229.95,53,N/A,2745,9501,80,22056,0x0000000000000004,24.53,79632
09:18:43,148.22,50,N/A,2760,10001,9,4,0x0000000000000000,24.53,79995
09:18:45,73.47,48,N/A,1590,5001,0,4,0x0000000000000001,24.49,79811
09:18:48,40.83,47,N/A,240,5001,0,4,0x0000000000000001,24.49,80151
09:18:50,37.03,47,N/A,210,810,0,4,0x0000000000000001,24.49,80151
09:18:52,30.45,47,N/A,210,405,0,4,0x0000000000000001,24.53,79842
09:18:54,28.93,46,N/A,210,405,0,4,0x0000000000000001,24.53,79754
09:18:56,30.02,46,N/A,255,405,0,4,0x0000000000000001,24.65,80109
09:18:58,31.46,46,N/A,210,405,0,4,0x0000000000000001,24.65,80085
09:19:00,49.71,46,N/A,360,810,0,4,0x0000000000000001,24.60,80024
09:19:03,48.94,46,N/A,1860,10001,0,4,0x0000000000000001,24.60,80118
09:19:05,48.71,46,N/A,1785,10001,0,4,0x0000000000000001,24.60,80070
09:19:07,39.42,45,N/A,255,405,0,4,0x0000000000000001,24.55,79831
09:19:09,31.41,45,N/A,285,405,0,4,0x0000000000000001,24.55,79844
09:19:11,36.56,46,N/A,1740,10001,0,4,0x0000000000000001,25.07,79652
09:19:13,48.33,45,N/A,1755,10001,0,4,0x0000000000000001,25.07,79497
09:19:15,60.20,46,N/A,1860,9501,72,806,0x0000000000000004,25.07,79357
09:19:17,249.91,52,N/A,1290,9501,93,810,0x0000000000000004,25.06,79629
09:19:19,249.49,55,N/A,1275,9501,98,810,0x0000000000000004,25.06,79603
09:19:21,247.00,56,N/A,1365,9501,99,810,0x0000000000000004,25.06,79495
09:19:23,247.38,56,N/A,1365,9501,96,810,0x0000000000000004,25.06,79590
09:19:25,248.35,57,N/A,825,9501,97,810,0x0000000000000004,25.06,79605
09:19:27,248.51,58,N/A,1395,9501,92,810,0x0000000000000004,25.05,79366
09:19:29,248.14,58,N/A,1230,9501,95,810,0x0000000000000004,25.05,79395
09:19:31,246.83,61,N/A,1185,9501,99,810,0x0000000000000004,25.13,79593
09:19:33,248.60,61,N/A,1200,9501,98,810,0x0000000000000004,25.13,79575
09:19:35,249.20,62,N/A,1605,9501,93,810,0x0000000000000004,25.13,79353
09:19:37,249.64,63,N/A,1245,9501,96,810,0x0000000000000004,25.12,79269
09:19:39,249.44,64,N/A,1140,9501,97,810,0x0000000000000004,25.12,79625
09:19:41,247.16,66,N/A,1095,9501,99,810,0x0000000000000004,25.11,79629
09:19:43,248.47,65,N/A,1020,9501,98,810,0x0000000000000004,25.11,79462
09:19:45,249.99,66,N/A,660,9501,95,810,0x0000000000000004,25.11,79304
09:19:47,247.07,68,N/A,1095,9501,99,810,0x0000000000000004,25.10,79641
09:19:49,248.31,68,N/A,1335,9501,96,810,0x0000000000000004,25.10,79569
09:19:51,247.03,68,N/A,1065,9501,97,810,0x0000000000000004,25.09,79425
09:19:54,248.37,70,N/A,1020,9501,99,810,0x0000000000000004,25.09,79584
09:19:56,247.68,70,N/A,1095,9501,97,810,0x0000000000000004,25.08,79457
09:19:58,247.94,71,N/A,1080,9501,98,810,0x0000000000000004,25.08,79511
09:20:00,249.98,72,N/A,705,9501,94,810,0x0000000000000004,25.08,79225
09:20:02,247.48,73,N/A,915,9501,99,842,0x0000000000000004,25.24,79630
09:20:04,248.58,73,N/A,1035,9501,99,842,0x0000000000000004,25.24,79595
09:20:06,251.15,74,N/A,870,9501,99,842,0x0000000000000004,25.30,79459
09:20:08,248.85,74,N/A,1035,9501,99,842,0x0000000000000004,25.30,79369
09:20:10,247.50,74,N/A,885,9501,100,842,0x0000000000000004,25.30,79626
09:20:12,247.43,74,N/A,690,9501,100,842,0x0000000000000004,25.27,79405
09:20:14,247.45,75,N/A,1410,9501,99,842,0x0000000000000004,25.27,79305
09:20:16,250.23,74,N/A,975,9501,98,842,0x0000000000000004,25.25,79645
09:20:18,248.01,76,N/A,1035,9501,99,842,0x0000000000000004,25.25,79616
09:20:20,249.17,75,N/A,780,9501,100,842,0x0000000000000004,25.25,79367
09:20:22,246.99,74,N/A,990,9501,99,842,0x0000000000000004,25.23,79279
09:20:24,248.33,77,N/A,1050,9501,100,842,0x0000000000000004,25.23,79616
09:20:26,246.79,77,N/A,645,9501,94,842,0x0000000000000004,25.21,79531
09:20:28,249.13,75,N/A,825,9501,99,842,0x0000000000000004,25.21,79498
09:20:30,250.68,76,N/A,975,9501,99,874,0x0000000000000004,25.21,79582
09:20:32,246.32,76,N/A,870,9501,99,874,0x0000000000000004,25.20,79594
09:20:34,247.26,78,N/A,825,9501,100,874,0x0000000000000004,25.20,79339
09:20:36,247.58,76,N/A,1350,9501,98,874,0x0000000000000004,25.18,79396
09:20:38,247.98,78,N/A,1065,9501,100,874,0x0000000000000004,25.18,79405
09:20:40,244.81,78,N/A,1350,9501,100,874,0x0000000000000004,25.18,79617
09:20:42,244.60,75,N/A,2115,9501,90,778,0x0000000000000004,25.16,79363
09:20:45,246.75,76,N/A,1335,9501,95,778,0x0000000000000004,25.16,79281
09:20:47,250.34,76,N/A,975,9501,95,778,0x0000000000000004,25.15,79193
09:20:49,247.68,76,N/A,915,9501,95,778,0x0000000000000004,25.15,79599
09:20:51,248.10,76,N/A,915,9501,95,778,0x0000000000000004,25.14,79624
09:20:53,248.13,78,N/A,990,9501,98,778,0x0000000000000004,25.14,79366
09:20:55,247.10,77,N/A,975,9501,95,778,0x0000000000000004,25.14,79463
09:20:57,248.37,78,N/A,1230,9501,98,778,0x0000000000000004,25.21,79635
09:20:59,248.18,77,N/A,900,9501,98,778,0x0000000000000004,25.21,79582
09:21:01,247.88,78,N/A,975,9501,98,778,0x0000000000000004,25.19,79407
09:21:03,247.92,77,N/A,960,9501,95,778,0x0000000000000004,25.19,79375
09:21:05,248.29,78,N/A,1065,9501,98,778,0x0000000000000004,25.19,79195
09:21:07,248.78,77,N/A,990,9501,98,778,0x0000000000000004,25.18,79603
09:21:09,247.75,79,N/A,975,9501,99,778,0x0000000000000004,25.18,79523
09:21:11,249.00,77,N/A,960,9501,97,778,0x0000000000000004,25.24,79438
09:21:13,248.18,78,N/A,915,9501,96,778,0x0000000000000004,25.24,79431
09:21:15,248.84,78,N/A,630,9501,93,778,0x0000000000000004,25.24,79606
09:21:17,247.44,79,N/A,1110,9501,99,778,0x0000000000000004,25.38,79571
09:21:19,248.38,78,N/A,990,9501,98,778,0x0000000000000004,25.38,79463
09:21:21,247.52,78,N/A,1095,9501,97,778,0x0000000000000004,25.35,79590
09:21:23,251.41,80,N/A,765,9501,98,778,0x0000000000000004,25.35,79596
09:21:25,247.56,79,N/A,1545,9501,98,778,0x0000000000000004,25.35,79279
09:21:27,248.60,78,N/A,1125,9501,95,810,0x0000000000000004,25.32,79230
09:21:29,248.32,80,N/A,900,9501,99,810,0x0000000000000004,25.32,79578
09:21:31,249.78,79,N/A,945,9501,98,810,0x0000000000000004,25.30,79513
09:21:33,247.76,78,N/A,1380,9501,98,810,0x0000000000000004,25.30,79258
09:21:36,249.21,79,N/A,750,9501,100,810,0x0000000000000004,25.30,79369
09:21:38,246.21,80,N/A,810,9501,99,810,0x0000000000000004,25.27,79369
09:21:40,245.81,80,N/A,1080,9501,99,810,0x0000000000000004,25.27,79581
09:21:42,248.77,79,N/A,705,9501,100,810,0x0000000000000004,25.25,79285
09:21:44,249.60,79,N/A,660,9501,100,810,0x0000000000000004,25.25,79327
09:21:46,249.05,80,N/A,765,9501,98,810,0x0000000000000004,25.23,79368
09:21:48,249.68,80,N/A,960,9501,97,842,0x0000000000000004,25.23,79369
09:21:50,249.63,79,N/A,960,9501,98,842,0x0000000000000004,25.23,79437
09:21:52,248.04,81,N/A,750,9501,99,842,0x0000000000000004,25.21,79156
09:21:54,244.17,80,N/A,1335,9501,98,970,0x0000000000000004,25.21,79187
09:21:56,248.53,77,N/A,705,9501,99,970,0x0000000000000004,25.20,78864
09:21:58,248.68,76,N/A,600,9501,99,970,0x0000000000000004,25.20,79006
09:22:00,249.15,77,N/A,600,9501,100,970,0x0000000000000004,25.20,78857
09:22:02,249.66,76,N/A,720,9501,99,970,0x0000000000000004,25.18,78626
09:22:04,248.41,77,N/A,660,9501,99,970,0x0000000000000004,25.18,78849
09:22:06,249.61,77,N/A,495,9501,99,970,0x0000000000000004,25.16,78679
09:22:08,248.75,77,N/A,810,9501,99,970,0x0000000000000004,25.16,78510
09:22:10,247.48,78,N/A,750,9501,100,970,0x0000000000000004,25.16,78594
09:22:12,247.92,78,N/A,705,9501,100,970,0x0000000000000004,25.15,78395
09:22:14,249.92,78,N/A,660,9501,100,970,0x0000000000000004,25.15,78791
09:22:16,247.65,78,N/A,1095,9501,100,970,0x0000000000000004,25.14,78806
09:22:18,249.79,77,N/A,480,9501,100,970,0x0000000000000004,25.14,78534
09:22:20,247.87,79,N/A,885,9501,100,970,0x0000000000000004,25.14,78663
09:22:22,249.79,77,N/A,600,9501,99,970,0x0000000000000004,25.21,78541
09:22:24,247.32,77,N/A,525,9501,99,970,0x0000000000000004,25.21,78805
09:22:26,246.15,77,N/A,525,9501,99,970,0x0000000000000004,25.19,78748
09:22:29,245.66,78,N/A,510,9501,99,970,0x0000000000000004,25.19,78711
09:22:31,244.13,78,N/A,735,9501,100,970,0x0000000000000004,25.19,78680
09:22:33,244.34,77,N/A,840,9501,100,970,0x0000000000000004,25.18,78389
09:22:35,248.99,77,N/A,525,9501,98,970,0x0000000000000004,25.18,78559
09:22:37,247.07,77,N/A,825,9501,99,970,0x0000000000000004,25.16,78779
09:22:39,245.85,77,N/A,630,9501,100,970,0x0000000000000004,25.16,78642
09:22:41,244.79,78,N/A,630,9501,100,970,0x0000000000000004,25.15,78779
09:22:43,247.37,78,N/A,975,9501,98,970,0x0000000000000004,25.15,78788
09:22:45,246.20,77,N/A,960,9501,99,970,0x0000000000000004,25.15,78739
09:22:47,243.91,79,N/A,705,9501,100,970,0x0000000000000004,25.14,78772
09:22:49,251.30,78,N/A,405,9501,99,970,0x0000000000000004,25.14,78752
09:22:51,246.92,77,N/A,885,9501,100,970,0x0000000000000004,25.12,78677
09:22:53,247.82,78,N/A,525,9501,100,970,0x0000000000000004,25.12,78761
09:22:55,248.97,78,N/A,645,9501,100,970,0x0000000000000004,25.12,78765
09:22:57,247.12,79,N/A,630,9501,100,1002,0x0000000000000004,25.11,78744
09:22:59,249.10,78,N/A,420,9501,100,1002,0x0000000000000004,25.11,78676
09:23:01,249.66,78,N/A,495,9501,100,1002,0x0000000000000004,25.11,78685
09:23:03,249.77,77,N/A,570,9501,100,1002,0x0000000000000004,25.11,78687
09:23:05,247.47,79,N/A,765,9501,100,1002,0x0000000000000004,25.11,78694
09:23:07,249.54,78,N/A,525,9501,100,1002,0x0000000000000004,25.10,78697
09:23:09,247.23,77,N/A,900,9501,100,1002,0x0000000000000004,25.10,78809
09:23:11,245.85,79,N/A,645,9501,100,1002,0x0000000000000004,25.09,78814
09:23:13,248.01,79,N/A,870,9501,100,1002,0x0000000000000004,25.09,78794
09:23:15,246.18,79,N/A,780,9501,100,1002,0x0000000000000004,25.09,78735
09:23:17,248.89,78,N/A,570,9501,100,1002,0x0000000000000004,25.08,78816
09:23:19,246.70,79,N/A,630,9501,100,1002,0x0000000000000004,25.08,78812
09:23:21,247.51,78,N/A,615,9501,99,1002,0x0000000000000004,25.07,78784
09:23:23,245.30,80,N/A,735,9501,100,1002,0x0000000000000004,25.07,78723
09:23:26,249.30,79,N/A,1155,9501,100,1002,0x0000000000000004,25.07,78652
09:23:28,248.22,79,N/A,540,9501,100,1002,0x0000000000000004,25.07,78816
09:23:30,250.49,78,N/A,375,9501,99,1002,0x0000000000000004,25.07,78662
09:23:32,249.47,79,N/A,750,9501,100,1002,0x0000000000000004,25.30,78768
09:23:34,247.59,79,N/A,465,9501,100,1002,0x0000000000000004,25.30,78687
09:23:36,247.86,79,N/A,570,9501,100,1034,0x0000000000000004,25.28,78832
09:23:38,247.43,79,N/A,960,9501,100,1034,0x0000000000000004,25.28,78684
09:23:40,249.72,78,N/A,420,9501,100,1034,0x0000000000000004,25.28,78625
09:23:42,249.01,79,N/A,675,9501,100,1034,0x0000000000000004,25.34,78832
09:23:44,245.63,78,N/A,585,9501,100,1034,0x0000000000000004,25.34,78570
09:23:46,245.55,79,N/A,1260,9501,100,1034,0x0000000000000004,25.31,78473
09:23:48,243.60,80,N/A,555,9501,100,1034,0x0000000000000004,25.31,78645
09:23:50,249.39,80,N/A,630,9501,100,1034,0x0000000000000004,25.31,78688
09:23:52,244.08,78,N/A,900,9501,100,1034,0x0000000000000004,25.28,78648
09:23:54,249.62,79,N/A,660,9501,100,1034,0x0000000000000004,25.28,78563
09:23:56,245.82,78,N/A,420,9501,100,1034,0x0000000000000004,25.26,78498
09:23:58,247.66,80,N/A,795,9501,100,1066,0x0000000000000004,25.26,78644
09:24:00,249.21,78,N/A,375,9501,100,1066,0x0000000000000004,25.26,78667
09:24:02,245.81,79,N/A,1470,9501,100,1066,0x0000000000000004,25.24,78553
09:24:04,247.56,80,N/A,1155,9501,100,1066,0x0000000000000004,25.24,78509
09:24:06,248.15,79,N/A,495,9501,100,1066,0x0000000000000004,25.30,78570
09:24:08,249.61,79,N/A,780,9501,100,1066,0x0000000000000004,25.30,78570
09:24:10,243.04,78,N/A,390,9501,100,1066,0x0000000000000004,25.30,78566
09:24:12,247.86,80,N/A,990,9501,100,1066,0x0000000000000004,25.28,78571
09:24:14,249.23,80,N/A,1155,9501,100,1066,0x0000000000000004,25.28,78575
09:24:16,249.34,80,N/A,540,9501,100,1066,0x0000000000000004,25.25,78614
09:24:18,248.38,80,N/A,495,9501,100,1066,0x0000000000000004,25.25,78585
09:24:20,248.08,78,N/A,600,9501,100,1066,0x0000000000000004,25.25,78581
09:24:23,249.00,79,N/A,870,9501,100,1066,0x0000000000000004,25.31,78434
09:24:25,245.93,79,N/A,1185,9501,100,1066,0x0000000000000004,25.31,78227
09:24:27,243.95,80,N/A,450,9501,98,1066,0x0000000000000004,25.37,78160
09:24:29,250.02,81,N/A,525,9501,100,1098,0x0000000000000004,25.37,78594
09:24:31,249.17,79,N/A,630,9501,100,1098,0x0000000000000004,25.37,78594
09:24:33,244.42,79,N/A,540,9501,100,1098,0x0000000000000004,25.34,78549
09:24:35,248.86,79,N/A,690,9501,100,1098,0x0000000000000004,25.34,78428
09:24:37,245.00,80,N/A,1335,9501,100,1098,0x0000000000000004,25.47,78426
09:24:39,245.74,80,N/A,795,9501,100,1098,0x0000000000000004,25.47,78622
09:24:41,248.16,80,N/A,825,9501,100,1098,0x0000000000000004,25.44,78481
09:24:43,249.99,79,N/A,1020,9501,100,1098,0x0000000000000004,25.44,78490
09:24:45,247.18,78,N/A,465,9501,100,1098,0x0000000000000004,25.44,78625
09:24:47,248.63,79,N/A,780,9501,100,1098,0x0000000000000004,25.40,78627
09:24:49,249.93,80,N/A,945,9501,100,1098,0x0000000000000004,25.40,78416
09:24:51,250.23,78,N/A,390,9501,100,1098,0x0000000000000004,25.37,78576
09:24:53,250.62,79,N/A,525,9501,100,1098,0x0000000000000004,25.37,78532
09:24:55,248.35,80,N/A,660,9501,100,1098,0x0000000000000004,25.37,78604
09:24:57,246.75,78,N/A,765,9501,100,1098,0x0000000000000004,25.34,78603
09:24:59,246.90,77,N/A,405,9501,100,1098,0x0000000000000004,25.34,78604
09:25:01,249.41,80,N/A,675,9501,100,1098,0x0000000000000004,23.55,78503
09:25:03,246.43,79,N/A,1200,9501,100,1098,0x0000000000000004,23.55,78433
09:25:05,247.25,78,N/A,375,9501,100,1098,0x0000000000000004,23.55,78503
09:25:07,248.39,80,N/A,540,9501,100,1098,0x0000000000000004,23.67,78450
09:25:09,249.81,80,N/A,675,9501,100,1066,0x0000000000000004,23.67,78331
09:25:11,248.99,78,N/A,525,9501,100,1066,0x0000000000000004,23.77,78311
09:25:13,244.38,78,N/A,540,9501,100,1066,0x0000000000000004,23.77,78254
09:25:15,250.01,79,N/A,615,9501,100,1066,0x0000000000000004,23.77,78186
09:25:17,248.77,80,N/A,900,9501,100,1066,0x0000000000000004,23.87,78105
09:25:19,249.58,79,N/A,375,9501,100,1066,0x0000000000000004,23.87,78407
09:25:22,249.90,80,N/A,675,9501,100,1066,0x0000000000000004,23.96,78411
09:25:24,247.93,80,N/A,555,9501,100,1098,0x0000000000000004,23.96,78405
09:25:26,249.58,79,N/A,615,9501,100,1098,0x0000000000000004,23.96,78405
09:25:28,242.58,78,N/A,525,9501,100,1098,0x0000000000000004,24.05,78361
09:25:30,246.40,79,N/A,1050,9501,100,1098,0x0000000000000004,24.05,78360
09:25:32,249.25,80,N/A,990,9501,100,1098,0x0000000000000004,24.12,78365
09:25:34,247.26,80,N/A,1290,9501,100,1098,0x0000000000000004,24.12,78293
09:25:36,246.19,78,N/A,585,9501,100,1098,0x0000000000000004,24.12,78206
09:25:38,248.42,80,N/A,555,9501,100,1098,0x0000000000000004,24.27,78403
09:25:40,247.62,80,N/A,675,9501,100,1098,0x0000000000000004,24.27,78366
09:25:42,249.11,79,N/A,540,9501,100,1098,0x0000000000000004,24.41,78365
09:25:44,245.84,78,N/A,495,9501,100,1098,0x0000000000000004,24.41,78296
09:25:46,249.21,79,N/A,795,9501,100,1098,0x0000000000000004,24.54,78227
09:25:48,248.88,79,N/A,1320,9501,100,1098,0x0000000000000004,24.54,78392
09:25:50,247.18,80,N/A,1275,9501,100,1098,0x0000000000000004,24.54,78396
09:25:52,244.73,78,N/A,690,9501,100,1098,0x0000000000000004,24.58,78397
09:25:54,248.83,79,N/A,510,9501,100,1098,0x0000000000000004,24.58,78402
09:25:56,248.79,79,N/A,780,9501,100,1098,0x0000000000000004,24.61,78373
09:25:58,247.82,78,N/A,600,9501,100,1098,0x0000000000000004,24.61,78334
09:26:00,247.10,78,N/A,630,9501,100,1098,0x0000000000000004,24.61,78269
09:26:02,245.60,78,N/A,930,9501,100,1098,0x0000000000000004,24.64,78397
09:26:04,244.91,79,N/A,1515,9501,100,1098,0x0000000000000004,24.64,78403
09:26:06,249.85,80,N/A,645,9501,100,1098,0x0000000000000004,24.67,78405
09:26:08,250.09,79,N/A,495,9501,100,1098,0x0000000000000004,24.67,78383
09:26:10,247.31,80,N/A,705,9501,100,1098,0x0000000000000004,24.67,78177
09:26:12,248.36,80,N/A,855,9501,100,1130,0x0000000000000004,24.70,78065
09:26:14,249.08,79,N/A,480,9501,100,1130,0x0000000000000004,24.70,77988
09:26:16,250.24,78,N/A,570,9501,100,1130,0x0000000000000004,24.72,78078
09:26:18,243.77,77,N/A,480,9501,100,1130,0x0000000000000004,24.72,78367
09:26:21,247.61,79,N/A,1065,9501,100,1130,0x0000000000000004,24.72,78367
09:26:23,249.49,79,N/A,1020,9501,100,1130,0x0000000000000004,24.74,78314
09:26:25,246.85,80,N/A,1290,9501,100,1130,0x0000000000000004,24.74,78137
09:26:27,249.03,78,N/A,420,9501,100,1130,0x0000000000000004,24.76,78071
09:26:29,250.23,80,N/A,675,9501,100,1130,0x0000000000000004,24.76,78375
09:26:31,247.90,80,N/A,915,9501,100,1130,0x0000000000000004,24.76,78396
09:26:33,248.50,79,N/A,480,9501,100,1130,0x0000000000000004,24.78,78394
09:26:35,250.62,78,N/A,585,9501,100,1130,0x0000000000000004,24.78,78348
09:26:37,246.62,78,N/A,345,9501,100,1130,0x0000000000000004,24.80,78142
09:26:39,246.98,78,N/A,1020,9501,100,1130,0x0000000000000004,24.80,78117
09:26:41,246.60,78,N/A,1515,9501,100,1130,0x0000000000000004,24.82,78405
09:26:43,249.67,79,N/A,945,9501,100,1130,0x0000000000000004,24.82,78407
09:26:45,249.17,80,N/A,1305,9501,100,1130,0x0000000000000004,24.82,78111
09:26:47,248.25,80,N/A,705,9501,100,1130,0x0000000000000004,24.83,78120
09:26:49,248.67,79,N/A,570,9501,100,1130,0x0000000000000004,24.83,78258
09:26:51,249.21,79,N/A,585,9501,100,1130,0x0000000000000004,24.77,78324
09:26:53,247.51,78,N/A,1095,9501,100,1130,0x0000000000000004,24.77,78087
09:26:55,248.36,79,N/A,555,9501,100,1130,0x0000000000000004,24.77,77939
09:26:57,246.08,78,N/A,420,9501,100,1130,0x0000000000000004,24.78,78015
09:26:59,249.40,79,N/A,750,9501,100,1130,0x0000000000000004,24.78,78241
09:27:01,248.18,79,N/A,990,9501,100,1130,0x0000000000000004,24.80,78089
09:27:03,246.12,79,N/A,1290,9501,100,1130,0x0000000000000004,24.80,78176
09:27:05,250.16,78,N/A,525,9501,100,1130,0x0000000000000004,24.80,78098
09:27:07,250.05,79,N/A,690,9501,100,1130,0x0000000000000004,24.82,77871
09:27:09,249.35,79,N/A,510,9501,100,1130,0x0000000000000004,24.82,78018
09:27:11,246.52,80,N/A,795,9501,100,1162,0x0000000000000004,24.83,78052
09:27:14,247.22,80,N/A,1080,9501,100,1162,0x0000000000000004,24.83,78234
09:27:16,247.16,79,N/A,660,9501,100,1162,0x0000000000000004,24.83,78148
09:27:18,246.63,78,N/A,540,9501,100,1162,0x0000000000000004,24.85,78045
09:27:20,250.87,79,N/A,765,9501,100,1162,0x0000000000000004,24.85,77961
09:27:22,248.15,79,N/A,990,9501,100,1162,0x0000000000000004,24.86,77943
09:27:24,248.53,80,N/A,795,9501,100,1162,0x0000000000000004,24.86,78212
09:27:26,249.71,80,N/A,1185,9501,100,1162,0x0000000000000004,24.86,78133
09:27:28,245.06,80,N/A,705,9501,100,1162,0x0000000000000004,23.11,78056
09:27:30,250.11,79,N/A,540,9501,100,1162,0x0000000000000004,23.11,78074
09:27:32,246.93,79,N/A,795,9501,100,1162,0x0000000000000004,23.26,77925
09:27:34,246.59,79,N/A,765,9501,100,1162,0x0000000000000004,23.26,77932
09:27:36,249.50,78,N/A,555,9501,100,1162,0x0000000000000004,23.40,77838
09:27:38,246.25,77,N/A,390,9501,100,1162,0x0000000000000004,23.40,77929
09:27:40,247.05,78,N/A,585,9501,100,1162,0x0000000000000004,23.40,77882
09:27:42,249.40,79,N/A,630,9501,100,1162,0x0000000000000004,23.53,78120
09:27:44,250.04,80,N/A,870,9501,100,1162,0x0000000000000004,23.53,77892
09:27:46,250.38,80,N/A,1350,9501,100,1162,0x0000000000000004,23.65,78002
09:27:48,247.61,78,N/A,555,9501,100,1162,0x0000000000000004,23.65,77988
09:27:50,249.73,79,N/A,675,9501,100,1162,0x0000000000000004,23.65,77862
09:27:52,248.51,79,N/A,510,9501,100,1162,0x0000000000000004,23.75,77865
09:27:54,245.85,77,N/A,1650,9501,99,842,0x0000000000000004,23.75,78098
09:27:56,251.80,77,N/A,900,9501,99,842,0x0000000000000004,23.93,77941
09:27:58,247.69,78,N/A,1425,9501,99,842,0x0000000000000004,23.93,77981
09:28:00,249.24,78,N/A,1155,9501,99,842,0x0000000000000004,23.93,78086
09:28:02,248.20,77,N/A,810,9501,99,842,0x0000000000000004,24.02,77988
09:28:04,248.73,76,N/A,855,9501,100,842,0x0000000000000004,24.02,77909
09:28:06,248.16,79,N/A,795,9501,100,842,0x0000000000000004,24.10,77823
09:28:08,249.82,79,N/A,630,9501,99,842,0x0000000000000004,24.10,77689
09:28:10,248.13,78,N/A,600,9501,99,842,0x0000000000000004,24.10,78081
09:28:13,248.95,79,N/A,930,9501,100,842,0x0000000000000004,24.17,78079
09:28:15,250.49,77,N/A,660,9501,99,842,0x0000000000000004,24.17,78060
09:28:17,247.09,79,N/A,945,9501,100,842,0x0000000000000004,24.24,77971
09:28:19,248.82,78,N/A,855,9501,99,842,0x0000000000000004,24.24,77763
09:28:21,248.33,79,N/A,795,9501,100,842,0x0000000000000004,24.24,77864
09:28:23,249.71,78,N/A,870,9501,99,842,0x0000000000000004,24.30,77657
09:28:25,248.67,79,N/A,915,9501,100,874,0x0000000000000004,24.30,77960
09:28:27,249.57,78,N/A,825,9501,100,874,0x0000000000000004,24.44,77654
09:28:29,249.48,79,N/A,765,9501,100,874,0x0000000000000004,24.44,78062
09:28:31,248.69,78,N/A,675,9501,99,874,0x0000000000000004,24.44,77836
09:28:33,248.60,78,N/A,570,9501,100,874,0x0000000000000004,24.56,77717
09:28:35,248.75,78,N/A,690,9501,100,874,0x0000000000000004,24.56,78040
09:28:37,249.53,79,N/A,1755,9501,100,874,0x0000000000000004,24.60,77825
09:28:39,250.85,80,N/A,945,9501,100,874,0x0000000000000004,24.60,77692
09:28:41,248.40,78,N/A,900,9501,100,874,0x0000000000000004,23.03,77349
09:28:43,246.63,79,N/A,1095,9501,100,874,0x0000000000000004,23.03,77629
09:28:45,248.86,78,N/A,900,9501,99,874,0x0000000000000004,23.03,77839
09:28:47,247.50,79,N/A,1650,9501,99,874,0x0000000000000004,23.18,77860
09:28:49,247.99,79,N/A,1200,9501,99,874,0x0000000000000004,23.18,77612
09:28:51,248.36,78,N/A,1005,9501,99,874,0x0000000000000004,23.33,77512
09:28:53,245.74,79,N/A,915,9501,99,874,0x0000000000000004,23.33,77816
09:28:55,250.23,78,N/A,780,9501,99,874,0x0000000000000004,23.33,77788
09:28:57,246.72,80,N/A,615,9501,98,874,0x0000000000000004,23.46,77755
09:28:59,250.09,78,N/A,1020,9501,99,874,0x0000000000000004,23.46,77652
09:29:01,250.15,78,N/A,750,9501,100,874,0x0000000000000004,23.67,77574
09:29:03,246.14,80,N/A,780,9501,100,874,0x0000000000000004,23.67,77496
09:29:05,249.42,78,N/A,705,9501,100,874,0x0000000000000004,23.67,77774
09:29:07,246.97,79,N/A,1140,9501,99,874,0x0000000000000004,23.77,77679
09:29:10,249.10,80,N/A,825,9501,100,874,0x0000000000000004,23.77,77835
09:29:12,246.46,79,N/A,885,9501,100,874,0x0000000000000004,23.95,77777
09:29:14,246.10,79,N/A,1305,9501,100,874,0x0000000000000004,23.95,77610
09:29:16,248.30,78,N/A,990,9501,100,874,0x0000000000000004,23.95,77526
09:29:18,248.30,80,N/A,990,9501,100,874,0x0000000000000004,24.04,77499
09:29:20,247.58,79,N/A,750,9501,99,874,0x0000000000000004,24.04,77730
09:29:22,248.62,78,N/A,885,9501,100,874,0x0000000000000004,24.11,77828
09:29:24,245.31,80,N/A,825,9501,100,874,0x0000000000000004,24.11,77507
09:29:26,249.28,78,N/A,810,9501,100,874,0x0000000000000004,24.11,77716
09:29:28,248.66,79,N/A,1245,9501,99,874,0x0000000000000004,24.18,77428
09:29:30,248.66,80,N/A,900,9501,100,874,0x0000000000000004,24.18,77623
09:29:32,248.42,79,N/A,945,9501,100,874,0x0000000000000004,24.25,77812
09:29:34,249.69,79,N/A,600,9501,100,874,0x0000000000000004,24.25,77623
09:29:36,247.79,78,N/A,945,9501,100,874,0x0000000000000004,22.55,77724
09:29:38,249.75,78,N/A,660,9501,100,874,0x0000000000000004,22.55,77415
09:29:40,246.45,80,N/A,780,9501,100,874,0x0000000000000004,22.55,77558
09:29:42,248.13,79,N/A,930,9501,100,874,0x0000000000000004,22.75,77764
09:29:44,247.99,79,N/A,1215,9501,100,874,0x0000000000000004,22.75,77759
09:29:46,249.38,80,N/A,780,9501,100,874,0x0000000000000004,22.93,77538
09:29:48,247.91,78,N/A,705,9501,100,874,0x0000000000000004,22.93,77461
09:29:50,250.11,80,N/A,975,9501,100,874,0x0000000000000004,22.93,77538
09:29:52,249.28,79,N/A,900,9501,100,874,0x0000000000000004,23.09,77777
09:29:54,248.04,79,N/A,750,9501,100,874,0x0000000000000004,23.09,77740
09:29:56,249.41,80,N/A,1095,9501,100,874,0x0000000000000004,23.25,77592
09:29:58,249.03,80,N/A,810,9501,100,874,0x0000000000000004,23.25,77612
09:30:00,249.63,79,N/A,690,9501,100,874,0x0000000000000004,23.25,77435
09:30:02,246.27,79,N/A,1740,9501,100,874,0x0000000000000004,23.39,77469
09:30:05,250.07,80,N/A,840,9501,100,874,0x0000000000000004,23.39,77784
09:30:07,248.36,79,N/A,960,9501,100,874,0x0000000000000004,23.60,77807
09:30:09,247.62,79,N/A,1260,9501,100,874,0x0000000000000004,23.60,77616
09:30:11,249.10,80,N/A,855,9501,100,906,0x0000000000000004,23.60,77726
09:30:13,247.76,79,N/A,990,9501,100,906,0x0000000000000004,23.87,77430
09:30:15,247.94,80,N/A,1215,9501,100,906,0x0000000000000004,23.87,77561
09:30:17,248.00,80,N/A,855,9501,100,906,0x0000000000000004,23.96,77496
09:30:19,247.76,79,N/A,945,9501,100,906,0x0000000000000004,23.96,77620
09:30:21,249.60,79,N/A,570,9501,100,906,0x0000000000000004,23.96,77633
09:30:23,246.67,79,N/A,885,9501,100,874,0x0000000000000004,24.04,77630
09:30:25,247.19,78,N/A,1170,9501,99,874,0x0000000000000004,24.04,77705
09:30:27,246.94,80,N/A,840,9501,100,906,0x0000000000000004,24.12,77706
09:30:29,248.58,78,N/A,720,9501,100,906,0x0000000000000004,24.12,77784
09:30:31,248.26,78,N/A,915,9501,99,906,0x0000000000000004,24.12,77495
09:30:33,243.51,81,N/A,720,9501,100,906,0x0000000000000004,24.19,77488
09:30:35,247.30,79,N/A,1305,9501,100,906,0x0000000000000004,24.19,79170
09:30:37,246.64,80,N/A,885,9501,100,906,0x0000000000000004,22.49,79175
09:30:39,246.17,79,N/A,1440,9501,100,906,0x0000000000000004,22.49,79173
09:30:41,249.27,79,N/A,615,9501,100,906,0x0000000000000004,20.85,79175
09:30:43,246.51,79,N/A,1110,9501,100,938,0x0000000000000004,20.85,79179
09:30:45,248.40,79,N/A,630,9501,100,938,0x0000000000000004,20.85,79179
09:30:47,248.07,79,N/A,945,9501,100,906,0x0000000000000004,19.34,79179
09:30:49,248.34,79,N/A,1050,9501,100,906,0x0000000000000004,19.34,123702
09:30:51,247.01,79,N/A,615,9501,100,906,0x0000000000000004,17.87,123701
09:30:53,248.52,78,N/A,585,9501,100,906,0x0000000000000004,17.87,123700
09:30:55,245.82,80,N/A,1665,9501,100,906,0x0000000000000004,17.87,123701
09:30:58,249.30,81,N/A,690,9501,100,938,0x0000000000000004,16.52,123699
09:31:00,247.47,79,N/A,810,9501,100,938,0x0000000000000004,16.52,123701
09:31:02,249.20,80,N/A,1050,9501,100,938,0x0000000000000004,15.28,123697
09:31:04,249.46,80,N/A,705,9501,100,938,0x0000000000000004,15.28,123695
09:31:06,247.50,78,N/A,645,9501,100,938,0x0000000000000004,15.28,123695
09:31:08,244.65,79,N/A,1305,9501,100,938,0x0000000000000004,14.21,123696
09:31:10,249.64,80,N/A,585,9501,100,938,0x0000000000000004,14.21,123698
09:31:12,248.12,80,N/A,510,9501,100,906,0x0000000000000004,13.32,123681
09:31:14,249.95,79,N/A,1395,9501,100,906,0x0000000000000004,13.32,123691
09:31:16,247.99,79,N/A,630,9501,100,906,0x0000000000000004,13.32,123691
09:31:18,248.30,80,N/A,870,9501,100,970,0x0000000000000004,12.41,123692
09:31:20,245.26,79,N/A,1125,9501,100,970,0x0000000000000004,12.41,123692
09:31:22,247.72,80,N/A,1335,9501,100,970,0x0000000000000004,11.50,123691
09:31:24,249.35,79,N/A,630,9501,100,970,0x0000000000000004,11.50,123689
09:31:26,247.97,80,N/A,915,9501,100,970,0x0000000000000004,10.66,123692
09:31:28,248.73,79,N/A,615,9501,100,970,0x0000000000000004,10.66,123694
09:31:30,247.87,81,N/A,1620,9501,100,970,0x0000000000000004,10.66,123693
09:31:32,248.75,80,N/A,660,9501,100,970,0x0000000000000004,9.88,123693
09:31:34,249.38,80,N/A,585,9501,100,970,0x0000000000000004,9.88,123695
09:31:36,249.69,79,N/A,630,9501,100,970,0x0000000000000004,9.17,123694
09:31:38,248.32,80,N/A,1260,9501,100,970,0x0000000000000004,9.17,123694
09:31:40,248.45,79,N/A,615,9501,100,970,0x0000000000000004,9.17,123693
09:31:42,248.41,80,N/A,1020,9501,100,1002,0x0000000000000004,8.60,123674
09:31:45,247.66,79,N/A,855,9501,100,1002,0x0000000000000004,8.60,123685
09:31:47,247.11,80,N/A,1290,9501,100,1002,0x0000000000000004,7.99,123688
09:31:49,247.89,78,N/A,495,9501,100,1002,0x0000000000000004,7.99,123687
09:31:51,247.99,79,N/A,915,9501,100,970,0x0000000000000004,7.99,123693
09:31:53,249.14,79,N/A,555,9501,100,970,0x0000000000000004,7.43,123690
09:31:55,246.15,79,N/A,1290,9501,100,970,0x0000000000000004,7.43,123691
09:31:57,250.94,78,N/A,600,9501,100,970,0x0000000000000004,6.91,123693
09:31:59,248.21,79,N/A,600,9501,100,1066,0x0000000000000004,6.91,123699
09:32:01,247.16,80,N/A,1005,9501,100,970,0x0000000000000004,6.91,123688
09:32:03,245.77,79,N/A,1140,9501,100,970,0x0000000000000004,6.44,123692
09:32:05,249.70,78,N/A,825,9501,100,970,0x0000000000000004,6.44,123691
09:32:07,248.73,79,N/A,510,9501,100,970,0x0000000000000004,6.00,123691
09:32:09,248.48,80,N/A,690,9501,100,1002,0x0000000000000004,6.00,123690
09:32:11,250.07,80,N/A,930,9501,100,1002,0x0000000000000004,6.00,123676
09:32:13,251.54,79,N/A,750,9501,100,1002,0x0000000000000004,5.76,123680
09:32:15,250.39,80,N/A,735,9501,100,1002,0x0000000000000004,5.76,123695
09:32:17,249.05,78,N/A,480,9501,100,1002,0x0000000000000004,5.38,123693
09:32:19,249.19,79,N/A,690,9501,100,1002,0x0000000000000004,5.38,123695
09:32:21,247.30,79,N/A,945,9501,100,1002,0x0000000000000004,5.03,123696
09:32:23,247.58,79,N/A,1110,9501,100,1002,0x0000000000000004,5.03,123694
09:32:25,249.80,79,N/A,1035,9501,100,1002,0x0000000000000004,5.03,123696
09:32:27,249.27,78,N/A,675,9501,100,1002,0x0000000000000004,4.79,123691
09:32:29,230.79,75,N/A,2505,10001,10,2,0x0000000000000000,4.79,124191
09:32:32,247.57,80,N/A,945,9501,100,872,0x0000000000000004,4.48,123757
09:32:34,248.46,80,N/A,870,9501,100,872,0x0000000000000004,4.48,123760
09:32:36,249.98,79,N/A,825,9501,100,872,0x0000000000000004,4.48,123760
09:32:38,248.28,79,N/A,840,9501,100,872,0x0000000000000004,4.20,123762
09:32:40,249.21,79,N/A,735,9501,100,872,0x0000000000000004,4.20,123762
09:32:42,248.11,79,N/A,705,9501,100,872,0x0000000000000004,3.95,123757
09:32:44,248.07,79,N/A,795,9501,100,872,0x0000000000000004,3.95,123761
09:32:46,248.97,79,N/A,825,9501,100,872,0x0000000000000004,3.95,123763
09:32:48,249.63,79,N/A,675,9501,100,872,0x0000000000000004,3.71,123760
09:32:50,246.36,78,N/A,1350,9501,98,840,0x0000000000000004,3.71,123761
09:32:52,247.19,80,N/A,780,9501,100,840,0x0000000000000004,3.49,123760
09:32:54,248.90,79,N/A,1095,9501,99,840,0x0000000000000004,3.49,123761
09:32:56,247.53,79,N/A,870,9501,100,840,0x0000000000000004,3.49,123764
09:32:58,248.99,80,N/A,855,9501,100,840,0x0000000000000004,3.29,123769
09:33:00,248.74,80,N/A,780,9501,100,840,0x0000000000000004,3.29,123768
09:33:02,248.73,79,N/A,825,9501,100,840,0x0000000000000004,3.19,123769
09:33:04,249.07,79,N/A,585,9501,100,1160,0x0000000000000004,3.19,123769
09:33:06,246.80,78,N/A,930,9501,100,1160,0x0000000000000004,3.01,123768
09:33:08,249.98,78,N/A,465,9501,100,1160,0x0000000000000004,3.01,123769
09:33:10,246.23,79,N/A,915,9501,100,1160,0x0000000000000004,3.01,123769
09:33:12,245.57,79,N/A,840,9501,100,1160,0x0000000000000004,2.85,123773
09:33:14,247.17,78,N/A,1620,9501,100,1160,0x0000000000000004,2.85,123765
09:33:16,247.05,78,N/A,720,9501,100,1160,0x0000000000000004,2.70,123770
09:33:19,245.33,77,N/A,630,9501,100,1160,0x0000000000000004,2.70,123768
09:33:21,249.02,79,N/A,1275,9501,100,1160,0x0000000000000004,2.70,123768
09:33:23,248.22,79,N/A,510,9501,100,1160,0x0000000000000004,2.65,123768
09:33:25,251.15,78,N/A,555,9501,100,1160,0x0000000000000004,2.65,123766
09:33:27,246.68,78,N/A,510,9501,100,1160,0x0000000000000004,2.52,123768
09:33:29,247.00,78,N/A,570,9501,100,1160,0x0000000000000004,2.52,123763
09:33:31,247.04,80,N/A,990,9501,100,1160,0x0000000000000004,2.52,123768
09:33:33,248.35,79,N/A,1335,9501,100,1160,0x0000000000000004,2.39,123768
09:33:35,246.31,77,N/A,495,9501,100,1160,0x0000000000000004,2.39,123647
09:33:37,249.00,77,N/A,525,9501,100,1160,0x0000000000000004,2.28,123767
09:33:39,249.04,78,N/A,510,9501,100,1160,0x0000000000000004,2.28,123765
09:33:41,247.13,78,N/A,690,9501,100,1160,0x0000000000000004,2.28,123766
09:33:43,248.18,77,N/A,480,9501,100,1160,0x0000000000000004,2.18,123767
09:33:45,246.13,78,N/A,675,9501,100,1160,0x0000000000000004,2.18,123756
09:33:47,247.65,78,N/A,450,9501,100,1160,0x0000000000000004,2.08,123769
09:33:49,246.88,78,N/A,570,9501,100,1160,0x0000000000000004,2.08,123771
09:33:51,248.54,78,N/A,480,9501,100,1160,0x0000000000000004,2.00,123772
09:33:53,249.04,77,N/A,405,9501,100,1160,0x0000000000000004,2.00,123771
09:33:55,247.94,78,N/A,525,9501,100,1160,0x0000000000000004,2.00,123777
09:33:57,246.87,77,N/A,690,9501,100,1160,0x0000000000000004,1.92,123776
09:33:59,246.71,79,N/A,690,9501,100,1160,0x0000000000000004,1.92,123777
09:34:01,246.45,79,N/A,660,9501,100,1160,0x0000000000000004,1.84,123776
09:34:03,245.83,79,N/A,720,9501,100,1160,0x0000000000000004,1.84,123777
09:34:06,247.62,78,N/A,570,9501,100,1160,0x0000000000000004,1.84,123776
09:34:08,246.79,78,N/A,585,9501,100,1160,0x0000000000000004,1.78,123779
09:34:10,248.86,77,N/A,465,9501,100,1160,0x0000000000000004,1.78,123777
09:34:12,250.33,77,N/A,330,9501,100,1160,0x0000000000000004,1.71,123776
09:34:14,245.32,79,N/A,780,9501,100,1160,0x0000000000000004,1.71,123766
09:34:16,247.39,78,N/A,570,9501,100,1160,0x0000000000000004,1.71,123775
09:34:18,247.59,78,N/A,705,9501,100,1160,0x0000000000000004,1.74,123467
09:34:20,247.09,79,N/A,735,9501,100,1160,0x0000000000000004,1.74,123333
09:34:22,248.63,77,N/A,510,9501,100,1160,0x0000000000000004,4.56,80579
09:34:24,250.33,77,N/A,285,9501,100,1160,0x0000000000000004,4.56,80247
09:34:26,248.62,78,N/A,390,9501,100,1160,0x0000000000000004,4.56,80265
09:34:28,249.02,77,N/A,360,9501,100,1160,0x0000000000000004,6.28,79809
09:34:30,250.78,77,N/A,480,9501,100,1160,0x0000000000000004,6.28,79794
09:34:32,247.38,77,N/A,435,9501,100,1160,0x0000000000000004,7.86,79719
09:34:34,245.90,79,N/A,735,9501,100,1160,0x0000000000000004,7.86,79644
09:34:36,246.87,77,N/A,645,9501,100,1160,0x0000000000000004,7.86,79969
09:34:38,246.69,80,N/A,750,9501,100,1160,0x0000000000000004,9.23,79969
09:34:40,250.95,79,N/A,1095,9501,100,1000,0x0000000000000004,9.23,79987
09:34:42,250.21,79,N/A,720,9501,99,1000,0x0000000000000004,10.49,79851
09:34:44,249.04,79,N/A,870,9501,100,1000,0x0000000000000004,10.49,79656
09:34:46,247.92,79,N/A,675,9501,100,1000,0x0000000000000004,11.74,80036
09:34:48,246.52,80,N/A,990,9501,100,1000,0x0000000000000004,11.74,79932
09:34:50,246.45,80,N/A,885,9501,100,1000,0x0000000000000004,11.74,79870
09:34:52,247.39,80,N/A,1215,9501,100,1000,0x0000000000000004,12.80,79804
09:34:54,249.05,77,N/A,1410,9501,99,1000,0x0000000000000004,12.80,79621
09:34:57,248.27,78,N/A,705,9501,100,1000,0x0000000000000004,13.78,79513
09:34:59,247.03,78,N/A,1200,9501,100,1000,0x0000000000000004,13.78,79721
09:35:01,248.64,78,N/A,675,9501,100,1000,0x0000000000000004,13.78,79442
09:35:03,248.03,78,N/A,870,9501,100,1000,0x0000000000000004,14.67,79264
09:35:05,249.18,78,N/A,705,9501,100,1000,0x0000000000000004,14.67,79033
09:35:07,248.36,79,N/A,525,9501,100,1000,0x0000000000000004,13.74,79192
09:35:09,248.21,78,N/A,555,9501,100,1000,0x0000000000000004,13.74,79085
09:35:11,246.67,79,N/A,870,9501,100,1000,0x0000000000000004,13.74,78818
09:35:13,250.00,78,N/A,525,9501,100,1000,0x0000000000000004,14.64,79019
09:35:15,247.81,79,N/A,570,9501,100,1000,0x0000000000000004,14.64,78764
09:35:17,249.88,79,N/A,525,9501,100,1000,0x0000000000000004,15.47,78711
09:35:19,248.84,78,N/A,855,9501,100,1000,0x0000000000000004,15.47,79081
09:35:21,247.42,78,N/A,855,9501,100,1000,0x0000000000000004,15.47,79085
09:35:23,248.57,78,N/A,720,9501,100,1000,0x0000000000000004,16.23,79093
09:35:25,249.59,79,N/A,495,9501,100,1000,0x0000000000000004,16.23,78853
09:35:27,248.69,79,N/A,570,9501,100,1000,0x0000000000000004,16.94,78940
09:35:29,246.60,79,N/A,540,9501,100,1000,0x0000000000000004,16.94,78712
09:35:31,247.34,78,N/A,615,9501,100,1000,0x0000000000000004,16.94,79076
09:35:33,181.16,74,N/A,2505,10001,0,4,0x0000000000000000,17.58,79546
09:35:35,79.64,72,N/A,1845,10001,0,4,0x0000000000000001,17.58,79301
09:35:37,60.11,71,N/A,1950,10001,0,4,0x0000000000000001,18.18,79188
09:35:39,66.54,70,N/A,2130,10001,0,4,0x0000000000000001,18.18,79341
09:35:41,67.58,68,N/A,390,810,0,4,0x0000000000000001,18.64,79564
09:35:43,68.28,68,N/A,450,810,0,4,0x0000000000000001,18.64,79560
09:35:45,66.27,67,N/A,2145,10001,0,4,0x0000000000000001,18.64,79563
09:35:47,63.97,66,N/A,2025,10001,0,4,0x0000000000000001,19.15,79377
09:35:50,63.41,65,N/A,2130,10001,0,4,0x0000000000000001,19.15,79538
09:35:52,63.44,64,N/A,405,810,0,4,0x0000000000000001,19.54,79459
09:35:54,63.90,63,N/A,435,810,0,4,0x0000000000000001,19.54,79389
09:35:56,61.77,63,N/A,2130,10001,0,4,0x0000000000000001,19.54,79483
09:35:58,60.04,62,N/A,2130,10001,0,4,0x0000000000000001,19.98,79229
09:36:01,59.82,62,N/A,2130,10001,0,4,0x0000000000000001,19.98,79021
09:36:03,58.89,61,N/A,2025,10001,0,4,0x0000000000000001,20.38,79232
09:36:05,60.12,60,N/A,405,810,0,4,0x0000000000000001,20.38,78811
09:36:07,58.33,60,N/A,1920,10001,0,4,0x0000000000000001,20.51,79476
09:36:09,57.10,60,N/A,1860,10001,0,4,0x0000000000000001,20.51,79570
09:36:11,56.69,59,N/A,1845,10001,0,4,0x0000000000000001,20.51,79475
09:36:13,56.48,59,N/A,1845,10001,0,4,0x0000000000000001,20.79,79571
09:36:15,56.47,58,N/A,1920,10001,0,4,0x0000000000000001,20.79,79611
09:36:17,50.46,58,N/A,1410,810,0,4,0x0000000000000001,21.05,79454
09:36:19,35.01,57,N/A,1500,810,0,4,0x0000000000000001,21.05,79581
09:36:21,33.46,57,N/A,1575,810,0,4,0x0000000000000001,21.05,79527
09:36:23,32.80,56,N/A,1620,810,0,4,0x0000000000000001,21.28,79395
09:36:25,32.92,56,N/A,210,405,0,4,0x0000000000000001,21.28,79468
09:36:27,33.61,55,N/A,210,405,0,4,0x0000000000000001,21.50,79495
09:36:29,32.19,55,N/A,210,405,0,4,0x0000000000000001,21.50,79356
09:36:31,31.98,55,N/A,210,405,0,4,0x0000000000000001,21.70,79226
09:36:34,31.80,54,N/A,210,405,0,4,0x0000000000000001,21.70,79394
09:36:36,29.80,54,N/A,210,405,0,4,0x0000000000000001,21.70,79219
09:36:38,29.78,54,N/A,210,405,0,4,0x0000000000000001,21.89,79270
09:36:40,29.79,53,N/A,210,405,0,4,0x0000000000000001,21.89,79268
09:36:42,30.81,53,N/A,210,405,0,4,0x0000000000000001,22.14,79126
09:36:45,30.59,53,N/A,240,405,0,4,0x0000000000000001,22.14,79177
09:36:47,30.42,53,N/A,270,405,0,4,0x0000000000000001,22.53,79196
09:36:49,30.22,52,N/A,285,405,0,4,0x0000000000000001,22.53,79184
09:36:51,30.30,52,N/A,315,405,0,4,0x0000000000000001,22.53,79199
09:36:53,30.12,52,N/A,1455,810,0,4,0x0000000000000001,22.72,79240
09:36:55,30.01,51,N/A,1575,810,0,4,0x0000000000000001,22.72,79146
09:36:57,30.05,51,N/A,270,405,0,4,0x0000000000000001,22.83,79099
09:36:59,31.18,51,N/A,330,405,0,4,0x0000000000000001,22.83,78953
09:37:01,30.57,51,N/A,1395,810,0,4,0x0000000000000001,22.83,79217
09:37:03,30.15,51,N/A,1545,810,0,4,0x0000000000000001,23.00,79167
09:37:05,29.80,50,N/A,1695,810,0,4,0x0000000000000001,23.00,78880
09:37:07,30.43,50,N/A,210,405,0,4,0x0000000000000001,23.08,79117
09:37:09,30.66,50,N/A,210,405,0,4,0x0000000000000001,23.08,79269
09:37:11,30.80,50,N/A,210,405,0,4,0x0000000000000001,23.08,79264
09:37:13,48.35,50,N/A,1860,10001,0,4,0x0000000000000001,23.15,79227
09:37:16,51.86,50,N/A,1890,10001,0,4,0x0000000000000001,23.15,79221
09:37:18,52.67,50,N/A,1860,10001,0,4,0x0000000000000001,23.22,79142
09:37:20,53.22,49,N/A,375,810,0,4,0x0000000000000001,23.22,79223
09:37:22,51.89,50,N/A,1785,10001,0,4,0x0000000000000001,23.29,79222
09:37:24,50.99,50,N/A,1785,10001,0,4,0x0000000000000001,23.29,79055
09:37:26,50.96,49,N/A,1785,10001,0,4,0x0000000000000001,23.50,79053
09:37:29,51.80,49,N/A,1770,10001,0,4,0x0000000000000001,23.50,79046
09:37:31,34.21,49,N/A,210,405,0,4,0x0000000000000001,23.50,78865
09:37:33,49.98,49,N/A,1770,10001,0,4,0x0000000000000001,23.54,78799
09:37:35,36.28,48,N/A,240,405,0,4,0x0000000000000001,23.54,79045
09:37:37,30.59,48,N/A,255,405,0,4,0x0000000000000001,23.58,79046
09:37:40,29.92,48,N/A,270,405,0,4,0x0000000000000001,23.58,79051
09:37:42,30.36,48,N/A,210,405,0,4,0x0000000000000001,23.61,79008
09:37:44,30.42,47,N/A,210,405,0,4,0x0000000000000001,23.61,78976
09:37:46,30.48,47,N/A,225,405,0,4,0x0000000000000001,23.61,78862
09:37:48,32.01,47,N/A,255,405,0,4,0x0000000000000001,23.64,79027
09:37:51,41.45,47,N/A,1740,10001,0,4,0x0000000000000001,23.64,79039
09:37:53,52.04,47,N/A,360,810,0,4,0x0000000000000001,23.75,79020
09:37:55,34.26,47,N/A,225,405,0,4,0x0000000000000001,23.75,79039
09:37:57,30.45,46,N/A,240,405,0,4,0x0000000000000001,23.77,78997
09:37:59,30.38,46,N/A,255,405,0,4,0x0000000000000001,23.77,78979
09:38:01,30.40,46,N/A,285,405,0,4,0x0000000000000001,23.77,78865
09:38:03,30.39,46,N/A,300,405,0,4,0x0000000000000001,23.79,78984
09:38:05,30.34,46,N/A,330,405,0,4,0x0000000000000001,23.79,78832
09:38:07,29.80,46,N/A,1455,810,0,4,0x0000000000000001,23.81,78905
09:38:09,29.24,46,N/A,1560,810,0,4,0x0000000000000001,23.81,78763
09:38:11,29.70,46,N/A,1740,10001,0,4,0x0000000000000001,23.81,78841
09:38:13,30.57,45,N/A,210,405,0,4,0x0000000000000001,23.82,78731
09:38:15,49.90,45,N/A,360,810,0,4,0x0000000000000001,23.82,78571
09:38:17,50.28,46,N/A,1830,10001,0,4,0x0000000000000001,23.92,78530
09:38:19,49.51,46,N/A,1860,10001,0,4,0x0000000000000001,23.92,78868
09:38:21,50.08,46,N/A,2025,10001,0,4,0x0000000000000001,24.09,78791
09:38:24,51.00,45,N/A,1965,10001,0,4,0x0000000000000001,24.09,78708
09:38:26,51.96,45,N/A,420,810,0,4,0x0000000000000001,24.09,78585
09:38:28,51.38,45,N/A,2100,10001,0,4,0x0000000000000001,24.08,78523
09:38:30,50.97,45,N/A,2265,10001,0,4,0x0000000000000001,24.08,78584
09:38:32,54.67,46,N/A,2535,10001,0,4,0x0000000000000001,24.15,78751
09:38:34,55.37,46,N/A,2490,10001,0,4,0x0000000000000001,24.15,78605
09:38:36,56.92,46,N/A,2595,10001,0,4,0x0000000000000001,24.15,78669
09:38:38,58.22,46,N/A,2550,10001,0,4,0x0000000000000001,24.14,78693
09:38:40,56.99,46,N/A,2550,10001,0,4,0x0000000000000001,24.14,78692
09:38:42,56.28,46,N/A,2550,10001,0,4,0x0000000000000001,24.13,78574
09:38:44,56.62,45,N/A,2535,10001,0,4,0x0000000000000001,24.13,78740
09:38:46,57.25,45,N/A,465,810,0,4,0x0000000000000001,24.12,78742
09:38:48,60.59,45,N/A,510,810,0,4,0x0000000000000001,24.12,78682
09:38:51,57.68,46,N/A,2550,10001,0,4,0x0000000000000001,24.12,78572
09:38:53,56.36,46,N/A,2535,10001,0,4,0x0000000000000001,24.11,78541
09:38:55,56.56,45,N/A,2550,10001,0,4,0x0000000000000001,24.11,78418
09:38:57,57.96,45,N/A,480,810,0,4,0x0000000000000001,24.18,78582
09:38:59,68.81,45,N/A,555,810,0,4,0x0000000000000001,24.18,78563
09:39:01,64.07,46,N/A,2655,10001,0,4,0x0000000000000001,24.18,78457
09:39:03,62.28,46,N/A,2655,10001,0,4,0x0000000000000001,24.17,78573
09:39:06,61.98,46,N/A,2655,10001,0,4,0x0000000000000001,24.17,78554
09:39:08,58.74,45,N/A,480,810,0,4,0x0000000000000001,24.15,78501
09:39:10,68.66,45,N/A,555,810,0,4,0x0000000000000001,24.15,78406
09:39:12,64.14,46,N/A,2655,10001,0,4,0x0000000000000001,24.14,78613
09:39:14,61.98,46,N/A,2655,10001,0,4,0x0000000000000001,24.14,78600
09:39:17,63.20,46,N/A,2685,10001,0,4,0x0000000000000001,24.29,78557
09:39:19,62.58,45,N/A,495,810,0,4,0x0000000000000001,24.29,78502
09:39:21,71.78,45,N/A,555,810,0,4,0x0000000000000001,24.29,78579
09:39:23,69.69,46,N/A,2760,10001,0,4,0x0000000000000000,24.35,78520
09:39:25,67.70,46,N/A,2760,10001,0,4,0x0000000000000000,24.35,78421
09:39:27,67.97,46,N/A,2760,10001,0,4,0x0000000000000000,24.32,78567
09:39:29,65.95,46,N/A,2730,10001,0,4,0x0000000000000001,24.32,78487
09:39:31,66.37,46,N/A,2760,10001,0,4,0x0000000000000000,24.32,78323
09:39:33,67.05,46,N/A,2730,10001,0,4,0x0000000000000001,24.45,78465
09:39:35,65.71,46,N/A,2730,10001,0,4,0x0000000000000001,24.45,78544
09:39:37,64.48,46,N/A,2730,10001,0,4,0x0000000000000001,24.42,78369
09:39:39,65.49,46,N/A,2685,10001,0,4,0x0000000000000001,24.42,78265
09:39:41,65.16,46,N/A,495,810,0,4,0x0000000000000001,24.42,78199
09:39:43,72.04,46,N/A,555,810,0,4,0x0000000000000001,24.46,78131
09:39:46,67.42,47,N/A,2730,10001,0,4,0x0000000000000001,24.46,78131
09:39:48,63.87,46,N/A,2685,10001,0,4,0x0000000000000001,24.43,78212
09:39:50,63.59,46,N/A,2685,10001,0,4,0x0000000000000001,24.43,78219
09:39:52,65.33,46,N/A,495,810,0,4,0x0000000000000001,24.39,77999
09:39:54,72.37,46,N/A,555,810,0,4,0x0000000000000001,24.39,77857
09:39:56,70.11,47,N/A,2760,10001,0,4,0x0000000000000000,24.39,78194
09:39:58,68.35,47,N/A,2760,10001,0,4,0x0000000000000000,24.36,78052
09:40:01,68.28,47,N/A,2760,10001,0,4,0x0000000000000000,24.36,77945
09:40:03,70.29,46,N/A,510,810,0,4,0x0000000000000001,24.41,78002
09:40:05,72.40,46,N/A,555,810,0,4,0x0000000000000001,24.41,78004
09:40:07,69.84,47,N/A,2760,10001,0,4,0x0000000000000000,24.46,78122
09:40:09,68.43,47,N/A,2760,10001,0,4,0x0000000000000000,24.46,77891
09:40:12,68.63,47,N/A,2760,10001,0,4,0x0000000000000000,24.82,77774
09:40:14,65.61,46,N/A,495,810,0,4,0x0000000000000001,24.82,78211
09:40:16,66.98,46,N/A,540,810,0,4,0x0000000000000001,24.82,78055
09:40:18,56.10,46,N/A,2475,10001,0,4,0x0000000000000001,24.76,78206
09:40:20,52.05,46,N/A,2340,10001,0,4,0x0000000000000001,24.76,78187
09:40:22,51.37,46,N/A,2220,10001,0,4,0x0000000000000001,24.78,78124
09:40:24,50.88,46,N/A,2100,10001,0,4,0x0000000000000001,24.78,78243
09:40:26,50.79,46,N/A,2070,10001,0,4,0x0000000000000001,24.78,78097
09:40:28,50.64,46,N/A,2040,10001,0,4,0x0000000000000001,24.71,78108
09:40:30,50.59,46,N/A,2070,10001,0,4,0x0000000000000001,24.71,78015
09:40:32,50.64,46,N/A,2115,10001,0,4,0x0000000000000001,24.66,77914
09:40:34,50.62,46,N/A,2175,10001,0,4,0x0000000000000001,24.66,78219
09:40:37,51.85,45,N/A,405,810,0,4,0x0000000000000001,24.60,78136
09:40:39,52.56,45,N/A,420,810,0,4,0x0000000000000001,24.60,77988
09:40:41,50.89,45,N/A,1995,10001,0,4,0x0000000000000001,24.60,78055
09:40:43,49.97,45,N/A,2025,10001,0,4,0x0000000000000001,24.64,77994
09:40:45,50.14,45,N/A,2040,10001,0,4,0x0000000000000001,24.64,77787
09:40:47,51.03,45,N/A,375,810,0,4,0x0000000000000001,24.58,77986
09:40:49,51.90,45,N/A,405,810,0,4,0x0000000000000001,24.58,77982
09:40:51,50.50,45,N/A,1935,10001,0,4,0x0000000000000001,24.58,78110
09:40:53,49.29,45,N/A,1860,10001,0,4,0x0000000000000001,24.54,78110
09:40:56,49.02,45,N/A,1860,10001,0,4,0x0000000000000001,24.54,77985
09:40:58,48.99,45,N/A,1830,10001,0,4,0x0000000000000001,24.49,78448
09:41:00,33.15,44,N/A,210,405,0,4,0x0000000000000001,24.49,78468
09:41:02,30.00,44,N/A,210,405,0,4,0x0000000000000001,24.45,78458
09:41:04,28.96,44,N/A,210,405,0,4,0x0000000000000001,24.45,78308
09:41:06,28.91,44,N/A,210,405,0,4,0x0000000000000001,24.45,78242
09:41:08,28.86,43,N/A,225,405,0,4,0x0000000000000001,24.58,78554
09:41:10,28.68,43,N/A,285,405,0,4,0x0000000000000001,24.58,78476
09:41:12,28.65,43,N/A,315,405,0,4,0x0000000000000001,24.61,78482
09:41:14,28.17,43,N/A,1410,810,0,4,0x0000000000000001,24.61,78359
09:41:16,27.68,43,N/A,1500,810,0,4,0x0000000000000001,24.61,78370
09:41:18,28.27,43,N/A,210,405,0,4,0x0000000000000001,24.56,78523
09:41:21,28.73,43,N/A,210,405,0,4,0x0000000000000001,24.56,78521
09:41:23,28.66,42,N/A,210,405,0,4,0x0000000000000001,24.52,78372
09:41:25,28.50,42,N/A,210,405,0,4,0x0000000000000001,24.52,78215
09:41:27,28.64,42,N/A,255,405,0,4,0x0000000000000001,24.48,78123
09:41:29,28.98,42,N/A,210,405,0,4,0x0000000000000001,24.48,78347
09:41:31,49.58,42,N/A,375,810,0,4,0x0000000000000001,24.48,78440
09:41:33,49.17,43,N/A,1905,10001,0,4,0x0000000000000001,24.44,78440
09:41:35,48.37,43,N/A,1935,10001,0,4,0x0000000000000001,24.44,78334
09:41:37,48.41,43,N/A,1995,10001,0,4,0x0000000000000001,24.40,78146
09:41:40,49.85,42,N/A,2070,10001,0,4,0x0000000000000001,24.40,78190
09:41:42,50.82,42,N/A,420,810,0,4,0x0000000000000001,24.37,78373
09:41:44,50.46,43,N/A,2190,10001,0,4,0x0000000000000001,24.37,78347
09:41:46,49.65,43,N/A,2220,10001,0,4,0x0000000000000001,24.37,78263
09:41:48,49.60,43,N/A,2220,10001,0,4,0x0000000000000001,24.34,78101
09:41:51,49.78,43,N/A,2250,10001,0,4,0x0000000000000001,24.34,77986
09:41:53,53.22,42,N/A,480,810,0,4,0x0000000000000001,24.31,78326
09:41:55,56.55,43,N/A,2550,10001,0,4,0x0000000000000001,24.31,78291
09:41:57,53.44,43,N/A,2490,10001,0,4,0x0000000000000001,24.29,78215
09:41:59,53.76,43,N/A,2490,10001,0,4,0x0000000000000001,24.29,78045
09:42:01,54.61,43,N/A,2535,10001,0,4,0x0000000000000001,24.29,78266
09:42:03,56.94,43,N/A,2595,10001,0,4,0x0000000000000001,24.42,78354
09:42:05,57.35,43,N/A,2550,10001,0,4,0x0000000000000001,24.42,78164
09:42:07,55.28,43,N/A,2550,10001,0,4,0x0000000000000001,24.39,78162
09:42:09,55.01,43,N/A,2490,10001,0,4,0x0000000000000001,24.39,77998
09:42:11,54.27,43,N/A,2550,10001,0,4,0x0000000000000001,24.39,78170
09:42:13,56.57,43,N/A,480,810,0,4,0x0000000000000001,24.36,78259
09:42:15,63.45,43,N/A,540,810,0,4,0x0000000000000001,24.36,78361
09:42:17,61.58,43,N/A,2640,10001,0,4,0x0000000000000001,24.33,77970
09:42:19,60.49,43,N/A,2640,10001,0,4,0x0000000000000001,24.33,78244
09:42:21,65.54,44,N/A,2775,10001,0,4,0x0000000000000000,24.33,78332
09:42:24,66.64,44,N/A,2775,10001,0,4,0x0000000000000001,22.62,77960
09:42:26,70.90,43,N/A,555,810,0,4,0x0000000000000001,22.62,78061
09:42:28,68.92,44,N/A,2775,10001,0,4,0x0000000000000000,22.73,78290
09:42:30,67.30,44,N/A,2775,10001,0,4,0x0000000000000000,22.73,78086
09:42:32,64.24,44,N/A,2715,10001,0,4,0x0000000000000001,22.83,78145
09:42:34,62.87,44,N/A,2670,10001,0,4,0x0000000000000001,22.83,78296
09:42:36,64.68,44,N/A,2775,10001,0,4,0x0000000000000000,22.83,78310
09:42:38,64.92,44,N/A,2670,10001,0,4,0x0000000000000001,22.93,78148
09:42:40,62.59,44,N/A,2715,10001,0,4,0x0000000000000001,22.93,78143
09:42:42,64.44,44,N/A,2775,10001,0,4,0x0000000000000000,23.01,78286
09:42:44,67.48,44,N/A,2715,10001,0,4,0x0000000000000001,23.01,78280
09:42:46,65.57,44,N/A,510,810,0,4,0x0000000000000001,23.01,78060
09:42:48,71.61,44,N/A,555,810,0,4,0x0000000000000001,23.09,77916
09:42:50,56.98,44,N/A,2550,10001,0,4,0x0000000000000001,23.09,78218
09:42:52,60.37,44,N/A,2640,10001,0,4,0x0000000000000001,23.17,78308
09:42:54,63.03,45,N/A,2715,10001,0,4,0x0000000000000001,23.17,78000
09:42:57,65.54,44,N/A,510,810,0,4,0x0000000000000001,23.47,78155
09:42:59,71.81,44,N/A,555,810,0,4,0x0000000000000001,23.47,78304
09:43:01,65.42,45,N/A,2715,10001,0,4,0x0000000000000001,23.47,78152
09:43:03,62.36,45,N/A,2670,10001,0,4,0x0000000000000001,21.67,79791
09:43:05,65.53,45,N/A,2760,10001,0,4,0x0000000000000001,21.67,79795
09:43:08,63.86,44,N/A,495,810,0,4,0x0000000000000001,20.02,79793
09:43:10,61.38,44,N/A,525,810,0,4,0x0000000000000001,20.02,79791
09:43:12,55.47,45,N/A,2490,10001,0,4,0x0000000000000001,18.49,79791
09:43:14,52.00,44,N/A,2400,10001,0,4,0x0000000000000001,18.49,79784
09:43:17,50.42,44,N/A,2250,10001,0,2,0x0000000000000001,18.49,124250
09:43:19,54.36,44,N/A,2250,10001,0,2,0x0000000000000001,17.01,124250
09:43:21,33.55,44,N/A,255,405,0,2,0x0000000000000001,17.01,124249
09:43:23,29.88,43,N/A,240,405,0,2,0x0000000000000001,15.65,124251
09:43:25,28.25,43,N/A,210,405,0,2,0x0000000000000001,15.65,124255
09:43:28,28.58,43,N/A,210,405,0,2,0x0000000000000001,14.56,124258
09:43:30,28.48,43,N/A,210,405,0,2,0x0000000000000001,14.56,124262
09:43:32,28.52,43,N/A,225,405,0,2,0x0000000000000001,13.39,124265
09:43:34,28.89,42,N/A,270,405,0,2,0x0000000000000001,13.39,124263
09:43:36,30.86,42,N/A,210,405,0,2,0x0000000000000001,13.39,124138
09:43:39,47.68,43,N/A,1875,10001,0,2,0x0000000000000001,12.32,124265
09:43:41,48.44,43,N/A,1995,10001,0,2,0x0000000000000001,12.32,124258
09:43:43,48.80,43,N/A,2115,10001,0,2,0x0000000000000001,11.33,124259
09:43:45,50.40,42,N/A,2220,10001,0,2,0x0000000000000001,11.33,124261
09:43:47,53.05,43,N/A,480,810,0,2,0x0000000000000001,10.42,124257
09:43:50,56.24,43,N/A,2550,10001,0,2,0x0000000000000001,10.42,124260
09:43:52,59.54,43,N/A,2640,10001,0,2,0x0000000000000001,9.67,124258
09:43:54,65.13,44,N/A,2775,10001,0,2,0x0000000000000000,9.67,124257
09:43:56,68.35,43,N/A,510,810,0,2,0x0000000000000001,9.67,124265
09:43:58,73.59,44,N/A,2505,9501,36,2592,0x0000000000000000,9.05,123971
09:44:00,77.30,44,N/A,2775,9501,41,7616,0x0000000000000000,9.05,123946
09:44:02,77.33,44,N/A,2775,9501,60,12608,0x0000000000000000,8.41,123895
09:44:04,77.32,45,N/A,2775,9501,53,17600,0x0000000000000000,8.41,123816
09:44:06,104.09,48,N/A,2115,9501,100,22850,0x0000000000000004,8.41,123912
09:44:08,248.53,52,N/A,825,9501,100,22850,0x0000000000000004,7.82,123890
09:44:11,249.17,52,N/A,960,9501,100,22850,0x0000000000000004,7.82,123887
09:44:13,249.96,54,N/A,855,9501,100,22850,0x0000000000000004,7.27,123884
09:44:15,135.42,50,N/A,2760,10001,0,22,0x0000000000000000,7.27,124040
09:44:17,69.99,49,N/A,2505,9501,0,1376,0x0000000000000000,6.85,123556
09:44:19,62.28,48,N/A,2505,9501,35,3264,0x0000000000000000,6.85,123786
09:44:21,62.01,48,N/A,2505,9501,26,5120,0x0000000000000000,6.85,123845
09:44:23,61.80,48,N/A,2505,9501,5,6784,0x0000000000000000,6.38,123597
09:44:25,62.19,48,N/A,2505,9501,37,8672,0x0000000000000000,6.38,123823
09:44:27,62.18,48,N/A,2505,9501,10,10496,0x0000000000000000,5.95,123943
09:44:29,62.18,48,N/A,2505,9501,13,12192,0x0000000000000000,5.95,123729
09:44:31,61.68,48,N/A,2505,9501,0,13856,0x0000000000000000,5.95,123521
09:44:33,61.67,48,N/A,2505,9501,34,15744,0x0000000000000000,5.63,123760
09:44:35,61.83,48,N/A,2505,9501,26,17600,0x0000000000000000,5.63,123809
09:44:37,61.67,48,N/A,2505,9501,5,19264,0x0000000000000000,5.26,123563
09:44:39,62.10,48,N/A,2505,9501,37,21152,0x0000000000000000,5.26,123785
09:44:41,251.82,53,N/A,855,9501,100,22088,0x0000000000000004,5.26,123749
09:44:43,86.32,50,N/A,2760,10001,0,2,0x0000000000000000,4.92,124266
09:44:46,79.90,50,N/A,2760,10001,0,2,0x0000000000000000,4.92,124261
09:44:48,53.25,48,N/A,375,5001,0,2,0x0000000000000001,4.52,124258
09:44:50,53.34,48,N/A,390,810,0,2,0x0000000000000001,4.52,124263
09:44:52,51.35,48,N/A,2040,10001,0,2,0x0000000000000001,4.16,124262
09:44:54,51.60,48,N/A,2145,10001,0,2,0x0000000000000001,4.16,124261
09:44:57,52.22,48,N/A,2295,10001,0,2,0x0000000000000001,4.16,124259
09:44:59,56.14,48,N/A,450,810,0,2,0x0000000000000001,3.83,124255
09:45:01,66.63,48,N/A,540,810,0,2,0x0000000000000001,3.83,124259
09:45:03,69.53,49,N/A,2760,10001,0,2,0x0000000000000000,3.52,124262
09:45:05,69.89,49,N/A,2760,10001,0,2,0x0000000000000000,3.52,124258
09:45:08,69.94,49,N/A,2760,10001,0,2,0x0000000000000000,3.24,124261
09:45:10,73.92,48,N/A,510,810,0,2,0x0000000000000001,3.24,124258
09:45:12,74.61,48,N/A,555,810,0,2,0x0000000000000000,2.98,124262
09:45:14,70.83,49,N/A,2760,10001,0,2,0x0000000000000000,2.98,124259
09:45:16,69.60,49,N/A,2760,10001,0,2,0x0000000000000000,2.98,124257
09:45:19,67.49,49,N/A,2730,10001,0,2,0x0000000000000001,3.22,124257
09:45:21,67.04,48,N/A,495,810,0,2,0x0000000000000001,3.22,124266
09:45:23,66.48,48,N/A,540,810,0,2,0x0000000000000001,3.04,124262
09:45:25,58.43,48,N/A,2550,10001,0,2,0x0000000000000001,3.04,124262
09:45:27,53.19,48,N/A,2385,10001,0,2,0x0000000000000001,2.88,124261
09:45:30,51.91,47,N/A,2220,10001,0,2,0x0000000000000001,2.88,124264
09:45:32,53.34,47,N/A,390,810,0,2,0x0000000000000001,2.97,124260
09:45:34,53.05,47,N/A,405,810,0,2,0x0000000000000001,2.97,124258
09:45:36,50.93,47,N/A,1935,10001,0,2,0x0000000000000001,2.97,124257
09:45:38,50.59,47,N/A,1860,10001,0,2,0x0000000000000001,2.73,124257
09:45:41,30.36,47,N/A,1635,810,0,2,0x0000000000000001,2.73,124254
09:45:43,30.41,46,N/A,210,405,0,2,0x0000000000000001,2.51,124254
09:45:45,29.24,46,N/A,210,405,0,2,0x0000000000000001,2.51,124254
09:45:47,27.98,46,N/A,210,405,0,2,0x0000000000000001,2.31,124257
09:45:50,29.03,46,N/A,210,405,0,2,0x0000000000000001,2.31,124261
09:45:52,28.94,45,N/A,210,405,0,2,0x0000000000000001,2.31,124260
09:45:54,30.10,45,N/A,210,405,0,2,0x0000000000000001,2.29,124263
09:45:56,47.15,46,N/A,1785,10001,0,2,0x0000000000000001,2.29,124258
09:45:58,49.35,46,N/A,1890,10001,0,2,0x0000000000000001,2.10,124267
09:46:01,49.76,46,N/A,1995,10001,0,2,0x0000000000000001,2.10,124271
09:46:03,52.01,45,N/A,390,810,0,2,0x0000000000000001,1.93,124272
09:46:05,53.53,45,N/A,465,810,0,2,0x0000000000000001,1.93,124273
09:46:07,53.63,46,N/A,2445,10001,0,2,0x0000000000000001,1.78,124272
09:46:09,56.46,46,N/A,2550,10001,0,2,0x0000000000000001,1.78,124268
09:46:12,61.23,46,N/A,2685,10001,0,2,0x0000000000000001,1.78,124273
09:46:14,71.45,45,N/A,510,810,0,2,0x0000000000000001,1.64,124274
09:46:16,73.18,46,N/A,555,810,0,2,0x0000000000000000,1.64,124265
09:46:18,69.17,46,N/A,2760,10001,0,2,0x0000000000000000,1.50,124265
09:46:20,67.01,47,N/A,2760,10001,0,2,0x0000000000000000,1.50,124266
09:46:23,68.10,47,N/A,2760,10001,0,2,0x0000000000000001,1.38,124266
09:46:25,71.67,46,N/A,510,810,0,2,0x0000000000000001,1.38,124266
09:46:27,68.68,46,N/A,555,810,0,2,0x0000000000000001,1.35,123956
09:46:29,58.63,46,N/A,2505,10001,0,22,0x0000000000000000,1.35,123694
09:46:31,80.95,47,N/A,2760,9501,97,12480,0x0000000000000000,1.35,123679
09:46:33,79.04,47,N/A,2760,9501,0,21938,0x0000000000000000,1.32,123674
09:46:35,69.27,47,N/A,2505,9501,0,22026,0x0000000000000000,1.32,123511
09:46:37,59.81,46,N/A,2505,9501,0,22026,0x0000000000000000,1.38,123506
09:46:39,59.89,46,N/A,2505,9501,0,22026,0x0000000000000000,1.38,123491
09:46:41,60.03,46,N/A,2505,9501,0,22026,0x0000000000000000,1.38,123472
09:46:43,59.93,46,N/A,2505,9501,0,22026,0x0000000000000000,1.35,123092
09:46:45,60.14,46,N/A,2505,9501,0,22026,0x0000000000000000,1.35,122900
09:46:47,60.08,46,N/A,2505,9501,0,22026,0x0000000000000000,1.32,122901
09:46:50,60.04,46,N/A,2505,9501,0,22026,0x0000000000000000,1.32,122884
09:46:52,60.11,46,N/A,2505,9501,0,22026,0x0000000000000000,1.32,122859
09:46:54,45.08,46,N/A,330,405,0,22026,0x0000000000000001,1.29,122831
09:46:56,26.71,45,N/A,210,405,0,22026,0x0000000000000001,1.29,122806
09:46:58,26.74,45,N/A,210,405,0,22026,0x0000000000000001,1.27,122780
09:47:00,26.64,45,N/A,210,405,0,22026,0x0000000000000001,1.27,122844
09:47:02,26.63,44,N/A,210,405,0,22026,0x0000000000000001,1.27,122842
09:47:04,26.62,44,N/A,210,405,0,22026,0x0000000000000001,1.33,122837
09:47:06,26.60,44,N/A,210,405,0,22026,0x0000000000000001,1.33,122831
09:47:08,26.62,44,N/A,210,405,0,22026,0x0000000000000001,1.30,122828
09:47:10,26.55,44,N/A,210,405,0,22026,0x0000000000000001,1.30,122835
09:47:12,26.56,44,N/A,210,405,0,22026,0x0000000000000001,1.28,122834
09:47:14,26.53,43,N/A,210,405,0,22026,0x0000000000000001,1.28,122821
09:47:16,26.58,43,N/A,210,405,0,22026,0x0000000000000001,1.28,122805
09:47:18,26.49,43,N/A,210,405,0,22026,0x0000000000000001,1.26,122784
09:47:20,26.55,43,N/A,210,405,0,22026,0x0000000000000001,1.26,122759
09:47:22,26.40,43,N/A,210,405,0,22026,0x0000000000000001,1.23,122740
09:47:24,58.90,44,N/A,2505,9501,0,22028,0x0000000000000000,1.23,122695
09:47:26,58.51,44,N/A,2505,9501,0,22028,0x0000000000000000,1.23,122687
09:47:28,58.60,44,N/A,2505,9501,0,22028,0x0000000000000000,1.22,122700
09:47:30,58.54,44,N/A,2505,9501,0,22028,0x0000000000000000,1.22,122712
09:47:32,58.48,44,N/A,2505,9501,0,22028,0x0000000000000000,1.20,122711
09:47:34,58.60,44,N/A,2505,9501,0,22028,0x0000000000000000,1.20,122705
09:47:36,58.73,44,N/A,2505,9501,0,22028,0x0000000000000000,1.20,122690
09:47:39,58.97,44,N/A,2505,9501,0,22028,0x0000000000000000,1.18,122688
09:47:41,58.15,43,N/A,510,810,0,22028,0x0000000000000001,1.18,122688
09:47:43,29.08,43,N/A,210,405,0,22028,0x0000000000000001,1.97,122285
09:47:45,26.38,43,N/A,210,405,0,22028,0x0000000000000001,1.97,122291
09:47:47,26.38,43,N/A,210,405,0,22028,0x0000000000000001,1.97,122277
09:47:49,26.35,42,N/A,210,405,0,22028,0x0000000000000001,1.89,122210
09:47:51,138.33,44,N/A,2775,9501,0,22174,0x0000000000000000,1.89,121983
09:47:53,73.05,44,N/A,2505,9501,0,22174,0x0000000000000000,1.82,121980
09:47:55,59.28,44,N/A,2505,9501,0,22174,0x0000000000000000,1.82,121980
09:47:57,59.10,44,N/A,2505,9501,0,22174,0x0000000000000000,1.83,121980
09:47:59,59.18,44,N/A,2505,9501,0,22174,0x0000000000000000,1.83,121929
09:48:01,59.14,44,N/A,2505,9501,0,22174,0x0000000000000000,1.83,121949
09:48:03,59.13,44,N/A,2505,9501,0,22174,0x0000000000000000,1.77,121944
09:48:05,59.12,44,N/A,2505,9501,0,22174,0x0000000000000000,1.77,121945
09:48:07,53.46,43,N/A,2505,9501,0,22174,0x0000000000000001,1.71,121937
09:48:09,27.67,43,N/A,210,405,0,22174,0x0000000000000001,1.71,121916
09:48:11,26.38,43,N/A,210,405,0,22174,0x0000000000000001,1.71,121894
09:48:13,26.45,43,N/A,210,405,0,22174,0x0000000000000001,1.65,121876
09:48:15,26.36,42,N/A,210,405,0,22174,0x0000000000000001,1.65,121850
09:48:17,26.40,42,N/A,210,405,0,22174,0x0000000000000001,1.60,121807
09:48:19,26.35,42,N/A,210,405,0,22174,0x0000000000000001,1.60,121794
09:48:21,26.41,42,N/A,210,405,0,22174,0x0000000000000001,1.60,121794
09:48:23,26.16,42,N/A,210,405,0,22174,0x0000000000000001,1.55,121823
09:48:26,26.05,42,N/A,210,405,0,22174,0x0000000000000001,1.55,121826
09:48:28,26.25,42,N/A,210,405,0,22174,0x0000000000000001,1.50,121829
09:48:30,26.26,41,N/A,210,405,0,22174,0x0000000000000001,1.50,121817
09:48:32,26.16,41,N/A,210,405,0,22174,0x0000000000000001,1.50,121823
09:48:34,26.27,41,N/A,210,405,0,22174,0x0000000000000001,1.46,121823
09:48:36,26.21,41,N/A,210,405,0,22174,0x0000000000000001,1.46,121821
09:48:38,26.09,41,N/A,210,405,0,22174,0x0000000000000001,1.43,121823
09:48:40,26.09,41,N/A,210,405,0,22174,0x0000000000000001,1.43,121824
09:48:42,26.07,41,N/A,210,405,0,22174,0x0000000000000001,1.43,121823
09:48:44,26.15,41,N/A,210,405,0,22174,0x0000000000000001,1.39,121817
09:48:46,26.06,40,N/A,210,405,0,22174,0x0000000000000001,1.39,121785
09:48:48,26.19,40,N/A,210,405,0,22174,0x0000000000000001,1.44,121760
09:48:50,26.15,40,N/A,210,405,0,22174,0x0000000000000001,1.44,121749
09:48:52,26.20,40,N/A,210,405,0,22174,0x0000000000000001,1.41,121709
09:48:54,26.00,40,N/A,210,405,0,22174,0x0000000000000001,1.41,121709
09:48:56,26.18,40,N/A,210,405,0,22174,0x0000000000000001,1.41,121733
09:48:58,26.29,40,N/A,210,405,0,22174,0x0000000000000001,1.37,121734
09:49:00,25.93,40,N/A,210,405,0,22174,0x0000000000000001,1.37,121735
09:49:02,26.00,40,N/A,210,405,0,22174,0x0000000000000001,1.34,121736
09:49:04,25.91,40,N/A,210,405,0,22174,0x0000000000000001,1.34,121726
09:49:06,25.83,39,N/A,210,405,0,22174,0x0000000000000001,1.34,121718
09:49:08,25.73,39,N/A,210,405,0,22174,0x0000000000000001,1.31,121715
09:49:10,25.91,39,N/A,210,405,0,22174,0x0000000000000001,1.31,121713
09:49:13,25.87,39,N/A,210,405,0,22174,0x0000000000000001,1.29,121712
09:49:15,25.88,39,N/A,210,405,0,22174,0x0000000000000001,1.29,121507
09:49:17,25.72,39,N/A,210,405,0,22174,0x0000000000000001,1.29,121437
09:49:19,25.71,39,N/A,210,405,0,22174,0x0000000000000001,1.35,121440
09:49:21,25.56,39,N/A,210,405,0,22174,0x0000000000000001,1.35,121410
09:49:23,25.82,39,N/A,210,405,0,22174,0x0000000000000001,1.40,121356
09:49:25,226.26,47,N/A,870,9501,94,22458,0x0000000000000004,1.40,121317
09:49:27,249.13,47,N/A,915,9501,89,23202,0x0000000000000004,1.40,121310
09:49:29,249.97,49,N/A,915,9501,100,23202,0x0000000000000004,1.37,121314
09:49:31,251.04,50,N/A,930,9501,100,23390,0x0000000000000004,1.37,121270
09:49:33,249.79,51,N/A,915,9501,100,23652,0x0000000000000004,1.42,121293
09:49:35,249.47,52,N/A,885,9501,100,24098,0x0000000000000004,1.42,121291
09:49:37,249.50,53,N/A,885,9501,100,24098,0x0000000000000004,1.38,121290
09:49:39,249.48,54,N/A,825,9501,100,23952,0x0000000000000004,1.38,121272
09:49:41,249.14,55,N/A,900,9501,100,24298,0x0000000000000004,1.38,121266
09:49:43,249.63,56,N/A,870,9501,100,24888,0x0000000000000004,1.35,121265
09:49:45,249.57,57,N/A,885,9501,100,24888,0x0000000000000004,1.35,121264
09:49:47,249.47,58,N/A,870,9501,100,24888,0x0000000000000004,1.32,121257
09:49:49,249.29,59,N/A,840,9501,100,24664,0x0000000000000004,1.32,121240
09:49:51,249.32,60,N/A,870,9501,100,24868,0x0000000000000004,1.32,121235
09:49:53,249.49,61,N/A,870,9501,100,25276,0x0000000000000004,1.38,121232
09:49:55,249.41,63,N/A,855,9501,100,26028,0x0000000000000004,1.38,121230
09:49:58,249.88,62,N/A,870,9501,100,26028,0x0000000000000004,1.35,121232
09:50:00,249.73,64,N/A,885,9501,100,26028,0x0000000000000004,1.35,121231
09:50:02,249.66,64,N/A,870,9501,100,26028,0x0000000000000004,1.35,121226
09:50:04,249.42,65,N/A,870,9501,100,25432,0x0000000000000004,1.32,121219
09:50:06,249.77,66,N/A,855,9501,100,25696,0x0000000000000004,1.32,121211
09:50:08,249.81,67,N/A,840,9501,100,26168,0x0000000000000004,1.29,121206
09:50:10,249.52,68,N/A,840,9501,100,26168,0x0000000000000004,1.29,121209
09:50:12,249.20,68,N/A,885,9501,100,27100,0x0000000000000004,1.29,121204
09:50:14,249.47,69,N/A,870,9501,100,27100,0x0000000000000004,1.27,121203
09:50:16,249.50,69,N/A,855,9501,100,27100,0x0000000000000004,1.27,121189
09:50:18,249.43,70,N/A,840,9501,100,27100,0x0000000000000004,1.25,121204
09:50:20,249.83,70,N/A,825,9501,100,26106,0x0000000000000004,1.25,121199
09:50:22,249.61,71,N/A,825,9501,100,26564,0x0000000000000004,1.23,121189
09:50:24,249.68,71,N/A,795,9501,100,26564,0x0000000000000004,1.23,121188
09:50:26,249.50,72,N/A,840,9501,100,27132,0x0000000000000004,1.23,121182
09:50:28,249.15,72,N/A,810,9501,100,27132,0x0000000000000004,1.21,121182
09:50:30,249.12,73,N/A,810,9501,89,26236,0x0000000000000004,1.21,121172
09:50:32,249.42,73,N/A,765,9501,100,26364,0x0000000000000004,1.35,121149
09:50:34,249.51,73,N/A,780,9501,100,26700,0x0000000000000004,1.35,121155
09:50:36,249.08,74,N/A,795,9501,100,27322,0x0000000000000004,1.35,121151
09:50:38,249.42,74,N/A,810,9501,100,27322,0x0000000000000004,1.32,121151
09:50:40,249.38,74,N/A,810,9501,100,27322,0x0000000000000004,1.32,121152
09:50:42,249.66,75,N/A,810,9501,100,26310,0x0000000000000004,1.30,121137
09:50:44,249.16,75,N/A,780,9501,100,26506,0x0000000000000004,1.30,122133
09:50:47,249.24,75,N/A,780,9501,100,26912,0x0000000000000004,1.30,122095
09:50:49,249.23,75,N/A,795,9501,100,26912,0x0000000000000004,1.27,122106
09:50:51,249.33,75,N/A,795,9501,100,27724,0x0000000000000004,1.27,122101
09:50:53,249.57,76,N/A,795,9501,100,27724,0x0000000000000004,1.25,122100
09:50:55,249.22,76,N/A,795,9501,100,27724,0x0000000000000004,1.25,122101
09:50:57,245.24,78,N/A,1935,9501,100,26280,0x0000000000000004,1.25,122095
09:50:59,249.42,77,N/A,825,9501,100,26656,0x0000000000000004,1.31,122083
09:51:01,249.71,77,N/A,795,9501,100,26656,0x0000000000000004,1.31,122081
09:51:03,249.05,77,N/A,780,9501,100,27158,0x0000000000000004,1.29,122077
09:51:05,249.46,77,N/A,765,9501,100,27158,0x0000000000000004,1.29,122074
09:51:07,249.13,77,N/A,840,9501,100,28140,0x0000000000000004,1.29,122069
09:51:09,249.44,77,N/A,810,9501,100,28140,0x0000000000000004,1.26,122065
09:51:11,249.52,77,N/A,810,9501,100,28140,0x0000000000000004,1.26,122070
09:51:13,249.64,77,N/A,840,9501,100,28140,0x0000000000000004,1.24,122068
09:51:15,248.69,78,N/A,855,9501,100,26716,0x0000000000000004,1.24,122062
09:51:17,249.57,77,N/A,825,9501,100,27172,0x0000000000000004,1.30,122051
09:51:19,249.99,78,N/A,795,9501,100,27172,0x0000000000000004,1.30,122043
09:51:21,247.68,78,N/A,825,9501,100,27742,0x0000000000000004,1.30,122045
09:51:23,249.63,78,N/A,750,9501,100,27742,0x0000000000000004,1.28,122046
09:51:25,249.12,78,N/A,810,9501,100,27742,0x0000000000000004,1.28,122045
09:51:27,249.24,78,N/A,765,9501,100,26942,0x0000000000000004,1.26,122032
09:51:29,249.54,78,N/A,795,9501,100,27300,0x0000000000000004,1.26,122027
09:51:32,247.09,80,N/A,765,9501,98,27970,0x0000000000000004,1.26,122023
09:51:34,249.30,79,N/A,825,9501,100,27970,0x0000000000000004,1.40,122012
09:51:36,249.19,78,N/A,750,9501,100,27970,0x0000000000000004,1.40,122015
09:51:38,249.12,79,N/A,810,9501,100,27970,0x0000000000000004,1.36,122013
09:51:40,249.32,79,N/A,825,9501,100,27100,0x0000000000000004,1.36,122009
09:51:42,249.21,79,N/A,795,9501,100,27608,0x0000000000000004,1.36,122004
09:51:44,249.13,79,N/A,750,9501,100,27608,0x0000000000000004,1.33,122003
09:51:46,248.85,79,N/A,765,9501,100,28502,0x0000000000000004,1.33,122001
09:51:48,249.42,79,N/A,855,9501,100,28502,0x0000000000000004,1.31,121991
09:51:50,249.52,79,N/A,840,9501,100,28502,0x0000000000000004,1.31,121990
09:51:52,249.16,79,N/A,840,9501,100,28502,0x0000000000000004,1.31,121990
09:51:54,249.26,79,N/A,810,9501,100,27016,0x0000000000000004,1.28,121989
09:51:56,249.17,79,N/A,795,9501,100,27222,0x0000000000000004,1.28,121984
09:51:58,248.69,79,N/A,765,9501,100,27880,0x0000000000000004,1.26,121982
09:52:00,248.76,79,N/A,840,9501,100,27880,0x0000000000000004,1.26,121983
09:52:02,248.22,79,N/A,885,9501,91,29042,0x0000000000000004,1.32,121965
09:52:04,249.52,79,N/A,780,9501,100,29042,0x0000000000000004,1.32,121994
09:52:06,248.96,79,N/A,780,9501,100,29042,0x0000000000000004,1.32,121993
09:52:08,248.69,79,N/A,780,9501,100,29042,0x0000000000000004,1.29,121996
09:52:10,248.82,79,N/A,780,9501,100,29042,0x0000000000000004,1.29,121995
09:52:12,249.57,79,N/A,840,9501,100,27604,0x0000000000000004,1.27,121991
09:52:14,249.64,79,N/A,810,9501,100,27952,0x0000000000000004,1.27,121985
09:52:16,248.51,80,N/A,780,9501,88,28648,0x0000000000000004,1.27,121968
09:52:19,248.60,80,N/A,840,9501,100,28648,0x0000000000000004,1.25,121963
09:52:21,249.26,79,N/A,840,9501,100,28648,0x0000000000000004,1.25,121958
09:52:23,249.32,79,N/A,780,9501,100,27756,0x0000000000000004,1.23,121956
09:52:25,249.39,79,N/A,840,9501,100,28184,0x0000000000000004,1.23,121949
09:52:27,249.56,80,N/A,840,9501,100,28184,0x0000000000000004,1.23,121949
09:52:29,247.53,79,N/A,840,9501,100,29002,0x0000000000000004,1.21,121944
09:52:31,248.51,80,N/A,810,9501,100,29002,0x0000000000000004,1.21,121944
09:52:33,247.86,80,N/A,810,9501,100,29002,0x0000000000000004,1.19,121939
09:52:35,248.53,80,N/A,825,9501,100,27870,0x0000000000000004,1.19,121942
09:52:37,249.20,80,N/A,870,9501,100,28374,0x0000000000000004,1.19,121936
09:52:39,249.35,80,N/A,855,9501,100,28374,0x0000000000000004,1.18,121932
09:52:41,247.49,80,N/A,750,9501,100,29380,0x0000000000000004,1.18,121928
09:52:43,248.28,80,N/A,900,9501,100,29380,0x0000000000000004,1.16,121930
09:52:45,248.30,80,N/A,915,9501,100,29380,0x0000000000000004,1.16,121932
09:52:47,248.06,80,N/A,780,9501,100,29380,0x0000000000000004,1.15,121935
09:52:49,249.58,80,N/A,840,9501,100,28044,0x0000000000000004,1.15,121932
09:52:51,248.10,79,N/A,855,9501,100,28612,0x0000000000000004,1.15,121931
09:52:53,248.66,80,N/A,840,9501,100,28612,0x0000000000000004,1.14,121931
09:52:55,247.34,80,N/A,795,9501,100,29782,0x0000000000000004,1.14,121925
09:52:57,247.76,80,N/A,915,9501,100,29782,0x0000000000000004,1.13,121925
09:52:59,247.55,80,N/A,975,9501,100,29782,0x0000000000000004,1.13,121925
09:53:01,247.66,79,N/A,945,9501,100,29782,0x0000000000000004,1.13,121924
09:53:03,247.83,80,N/A,915,9501,100,29782,0x0000000000000004,1.12,121918
09:53:05,248.91,80,N/A,840,9501,100,28672,0x0000000000000004,1.12,121918
09:53:08,247.95,80,N/A,930,9501,100,29458,0x0000000000000004,1.19,121915
09:53:10,248.44,80,N/A,870,9501,100,29458,0x0000000000000004,1.19,121915
09:53:12,244.63,80,N/A,915,9501,91,30894,0x0000000000000004,1.19,121906
09:53:14,247.63,80,N/A,930,9501,100,30894,0x0000000000000004,1.17,121904
09:53:16,247.42,80,N/A,780,9501,100,30894,0x0000000000000004,1.17,121902
09:53:18,247.20,80,N/A,990,9501,100,30894,0x0000000000000004,1.16,121906
09:53:20,247.43,80,N/A,810,9501,100,30894,0x0000000000000004,1.16,121909
09:53:22,247.25,80,N/A,765,9501,100,30894,0x0000000000000004,1.16,121907
09:53:24,249.29,80,N/A,660,9501,100,28800,0x0000000000000004,1.23,121895
09:53:26,247.95,80,N/A,615,9501,100,28800,0x0000000000000004,1.23,121789
09:53:28,248.95,79,N/A,615,9501,99,28800,0x0000000000000004,1.21,121774
09:53:30,249.23,79,N/A,615,9501,98,28802,0x0000000000000004,1.21,121773
09:53:32,249.49,79,N/A,630,9501,99,28802,0x0000000000000004,1.21,121771
09:53:34,249.20,79,N/A,690,9501,99,28802,0x0000000000000004,1.19,121772
09:53:36,249.22,79,N/A,705,9501,97,28802,0x0000000000000004,1.19,121778
09:53:38,249.46,79,N/A,690,9501,99,28802,0x0000000000000004,1.17,121776
09:53:40,249.36,79,N/A,600,9501,99,28802,0x0000000000000004,1.17,121775
09:53:42,248.76,79,N/A,705,9501,99,28802,0x0000000000000004,1.16,121776
09:53:44,249.26,80,N/A,660,9501,100,28802,0x0000000000000004,1.16,121774
09:53:46,249.49,80,N/A,645,9501,100,28802,0x0000000000000004,1.16,121776
09:53:48,249.41,80,N/A,660,9501,100,28802,0x0000000000000004,1.15,121768
09:53:50,98.49,74,N/A,2505,9501,0,28802,0x0000000000000000,1.15,121766
09:53:53,105.99,74,N/A,2730,9501,0,1826,0x0000000000000000,1.14,122171
09:53:55,88.96,72,N/A,2505,9501,0,1826,0x0000000000000000,1.14,122173
09:53:57,80.38,71,N/A,2505,10001,0,2,0x0000000000000000,1.14,124264
09:53:59,94.00,71,N/A,2730,10001,0,2,0x0000000000000000,1.04,124262
09:54:01,70.80,69,N/A,2085,10001,0,2,0x0000000000000001,1.04,124261
09:54:03,67.02,68,N/A,2145,10001,0,2,0x0000000000000001,0.96,124260
09:54:05,67.56,67,N/A,450,810,0,2,0x0000000000000001,0.96,124231
09:54:07,67.08,66,N/A,2400,10001,0,2,0x0000000000000001,0.88,124243
09:54:10,67.46,66,N/A,2535,10001,0,2,0x0000000000000001,0.88,124245
09:54:12,79.59,66,N/A,2745,10001,0,2,0x0000000000000000,0.88,124244
09:54:14,85.00,64,N/A,510,810,0,2,0x0000000000000001,0.89,124246
09:54:16,86.68,63,N/A,555,810,0,2,0x0000000000000001,0.89,124245
09:54:18,87.31,63,N/A,2505,9501,0,1376,0x0000000000000000,0.90,123596
09:54:20,71.57,63,N/A,2505,9501,13,3264,0x0000000000000000,0.90,123793
09:54:22,71.50,62,N/A,2505,9501,18,5088,0x0000000000000000,0.91,123912
09:54:24,71.24,62,N/A,2505,9501,5,6784,0x0000000000000000,0.91,123595
09:54:26,71.10,61,N/A,2505,9501,37,8672,0x0000000000000000,0.91,123792
09:54:29,70.63,61,N/A,2505,9501,18,10528,0x0000000000000000,0.92,123904
09:54:31,70.37,60,N/A,2505,9501,0,12192,0x0000000000000000,0.92,123572
09:54:33,70.17,60,N/A,2505,9501,37,14080,0x0000000000000000,0.92,123763
09:54:35,70.06,60,N/A,2505,9501,18,15936,0x0000000000000000,0.92,123909
09:54:37,69.67,59,N/A,2505,9501,5,17600,0x0000000000000000,0.92,123633
09:54:39,69.47,59,N/A,2505,9501,0,19488,0x0000000000000000,0.93,123805
09:54:41,69.37,59,N/A,2505,9501,18,21280,0x0000000000000000,0.93,123671
09:54:43,247.71,65,N/A,735,9501,100,22632,0x0000000000000004,0.94,123738
09:54:45,250.29,65,N/A,825,9501,100,22632,0x0000000000000004,0.94,123724
09:54:47,249.78,66,N/A,795,9501,100,22632,0x0000000000000004,0.94,123714
09:54:49,249.32,66,N/A,780,9501,99,22632,0x0000000000000004,0.94,123706
09:54:51,249.82,67,N/A,765,9501,99,22632,0x0000000000000004,0.94,123705
09:54:53,249.42,68,N/A,765,9501,100,22632,0x0000000000000004,0.95,123706
09:54:55,249.66,68,N/A,780,9501,100,22632,0x0000000000000004,0.95,123706
09:54:57,249.65,71,N/A,825,9501,100,22632,0x0000000000000004,0.95,123704
09:54:59,249.49,71,N/A,825,9501,100,22632,0x0000000000000004,0.95,123705
09:55:01,249.41,72,N/A,825,9501,100,22632,0x0000000000000004,0.95,123704
09:55:03,119.50,67,N/A,2745,9501,5,544,0x0000000000000000,0.95,123831
09:55:05,78.05,65,N/A,2505,9501,0,1792,0x0000000000000000,0.95,123595
09:55:07,72.18,65,N/A,2505,9501,0,3680,0x0000000000000000,0.96,123915
09:55:09,72.16,64,N/A,2505,9501,0,5472,0x0000000000000000,0.96,123916
09:55:11,71.88,64,N/A,2505,9501,26,7200,0x0000000000000000,0.96,123726
09:55:13,71.70,63,N/A,2505,9501,0,8864,0x0000000000000000,0.96,123552
09:55:15,71.61,63,N/A,2505,9501,37,10752,0x0000000000000000,0.96,123791
09:55:18,71.50,62,N/A,2505,9501,18,12544,0x0000000000000000,1.13,123869
09:55:20,71.47,62,N/A,2505,9501,13,14272,0x0000000000000000,1.13,123683
09:55:22,71.18,62,N/A,2505,9501,4,15936,0x0000000000000000,1.13,123531
09:55:24,71.13,61,N/A,2505,9501,37,17824,0x0000000000000000,1.12,123769
09:55:26,70.66,61,N/A,2505,9501,18,19648,0x0000000000000000,1.12,123881
09:55:28,70.57,60,N/A,2505,9501,0,21280,0x0000000000000000,1.11,123454
09:55:30,250.01,67,N/A,855,9501,100,22632,0x0000000000000004,1.11,123724
09:55:32,249.69,67,N/A,1050,9501,100,22632,0x0000000000000004,1.11,123723
09:55:34,249.99,68,N/A,1005,9501,99,22632,0x0000000000000004,1.10,123722
09:55:36,249.49,68,N/A,945,9501,99,22632,0x0000000000000004,1.10,123721
09:55:38,249.67,69,N/A,900,9501,99,22632,0x0000000000000004,1.09,123727
09:55:40,249.08,69,N/A,885,9501,99,22632,0x0000000000000004,1.09,123725
09:55:42,249.32,70,N/A,840,9501,100,22632,0x0000000000000004,1.09,123728
09:55:44,249.51,71,N/A,795,9501,100,22632,0x0000000000000004,1.08,123728
09:55:46,249.52,72,N/A,825,9501,100,22632,0x0000000000000004,1.08,123728
09:55:48,245.55,69,N/A,2505,9501,86,18312,0x0000000000000004,1.08,123725
09:55:50,93.97,67,N/A,2745,9501,6,1728,0x0000000000000000,1.08,123943
09:55:52,72.51,66,N/A,2505,9501,26,3456,0x0000000000000000,1.15,123806
09:55:54,72.24,65,N/A,2505,9501,5,5120,0x0000000000000000,1.15,123578
09:55:56,72.32,65,N/A,2505,9501,37,7008,0x0000000000000000,1.15,123818
09:55:58,72.06,64,N/A,2505,9501,9,8832,0x0000000000000000,1.14,123910
09:56:00,71.81,64,N/A,2505,9501,0,10528,0x0000000000000000,1.14,123618
09:56:02,71.52,63,N/A,2505,9501,0,12416,0x0000000000000000,1.13,123842
09:56:05,71.47,63,N/A,2505,9501,18,14208,0x0000000000000000,1.13,123863
09:56:07,71.28,62,N/A,2505,9501,19,15936,0x0000000000000000,1.13,123727
09:56:09,71.09,62,N/A,2505,9501,5,17600,0x0000000000000000,1.20,123570
09:56:11,71.06,61,N/A,2505,9501,37,19488,0x0000000000000000,1.20,123802
09:56:13,70.76,61,N/A,2505,9501,1,21280,0x0000000000000000,1.18,123677
09:56:15,249.63,67,N/A,825,9501,100,22632,0x0000000000000004,1.18,123740
09:56:17,249.80,67,N/A,1020,9501,100,22632,0x0000000000000004,1.18,123739
09:56:19,249.94,68,N/A,975,9501,100,22632,0x0000000000000004,1.25,123735
09:56:21,248.85,68,N/A,990,9501,100,22632,0x0000000000000004,1.25,123735
09:56:23,250.09,69,N/A,870,9501,100,22632,0x0000000000000004,1.23,123738
09:56:25,249.33,69,N/A,1005,9501,100,22632,0x0000000000000004,1.23,123739
09:56:27,249.40,71,N/A,855,9501,99,22632,0x0000000000000004,1.23,123739
09:56:29,249.81,72,N/A,795,9501,100,22632,0x0000000000000004,1.29,123737
09:56:31,249.10,72,N/A,810,9501,97,22632,0x0000000000000004,1.29,123738
09:56:33,249.53,72,N/A,765,9501,100,22632,0x0000000000000004,1.26,123736
09:56:35,94.37,67,N/A,2745,9501,0,1376,0x0000000000000000,1.26,123560
09:56:37,72.60,66,N/A,2505,9501,34,3264,0x0000000000000000,1.26,123877
09:56:39,72.41,65,N/A,2505,9501,30,5056,0x0000000000000000,1.32,123940
09:56:41,72.15,65,N/A,2505,9501,13,6784,0x0000000000000000,1.32,123744
09:56:43,72.04,64,N/A,2505,9501,0,8448,0x0000000000000000,1.30,123543
09:56:45,71.98,64,N/A,2505,9501,30,10336,0x0000000000000000,1.30,123769
09:56:47,71.80,63,N/A,2505,9501,21,12160,0x0000000000000000,1.27,123954
09:56:49,71.68,63,N/A,2505,9501,13,13856,0x0000000000000000,1.27,123665
09:56:52,71.44,62,N/A,2505,9501,0,15744,0x0000000000000000,1.27,123514
09:56:54,71.47,62,N/A,2505,9501,37,17408,0x0000000000000000,1.25,123740
09:56:56,71.13,61,N/A,2505,9501,13,19264,0x0000000000000000,1.25,123784
09:56:58,70.67,61,N/A,2505,9501,0,20928,0x0000000000000000,1.23,123557
09:57:00,246.50,66,N/A,690,9501,100,22632,0x0000000000000004,1.23,123741
09:57:02,248.62,68,N/A,900,9501,100,22632,0x0000000000000004,1.23,123727
09:57:04,249.29,67,N/A,840,9501,100,22632,0x0000000000000004,1.21,123722
09:57:06,249.75,68,N/A,750,9501,99,22632,0x0000000000000004,1.21,123724
09:57:08,249.56,69,N/A,795,9501,99,22632,0x0000000000000004,1.20,123703
09:57:10,249.40,69,N/A,840,9501,100,22632,0x0000000000000004,1.20,123712
09:57:12,249.85,70,N/A,780,9501,100,22632,0x0000000000000004,1.20,123712
09:57:14,249.27,72,N/A,900,9501,100,22632,0x0000000000000004,1.18,123710
09:57:16,249.09,72,N/A,915,9501,100,22632,0x0000000000000004,1.18,123712
09:57:18,249.43,73,N/A,900,9501,99,22632,0x0000000000000004,1.16,123714
09:57:20,196.46,68,N/A,2745,9501,92,510,0x0000000000000000,1.16,124116
09:57:22,90.32,66,N/A,555,5001,0,2,0x0000000000000001,1.16,124257
09:57:24,69.04,65,N/A,495,5001,0,2,0x0000000000000001,1.15,124260
09:57:27,65.49,65,N/A,2340,10001,0,2,0x0000000000000001,1.15,124259
09:57:29,64.50,64,N/A,2415,10001,0,2,0x0000000000000001,1.06,124262
09:57:31,62.79,64,N/A,2295,10001,0,2,0x0000000000000001,1.06,124266
09:57:33,62.10,62,N/A,405,810,0,2,0x0000000000000001,0.97,124266
09:57:35,62.49,62,N/A,435,810,0,2,0x0000000000000001,0.97,124264
09:57:38,59.49,62,N/A,1890,10001,0,2,0x0000000000000001,0.98,124265
09:57:40,57.54,61,N/A,1800,10001,0,2,0x0000000000000001,0.98,124261
09:57:42,43.47,61,N/A,2505,9501,5,544,0x0000000000000000,0.98,123787
09:57:44,69.79,60,N/A,2505,9501,18,1792,0x0000000000000000,0.98,123951
09:57:46,69.82,60,N/A,2505,9501,0,3456,0x0000000000000000,0.98,123687
09:57:48,69.46,60,N/A,2505,9501,0,5120,0x0000000000000000,0.98,123553
09:57:50,69.50,59,N/A,2505,9501,36,7008,0x0000000000000000,0.98,123775
09:57:52,69.16,59,N/A,2505,9501,26,8864,0x0000000000000000,0.98,123946
09:57:54,68.87,58,N/A,2505,9501,13,10528,0x0000000000000000,0.98,123656
09:57:56,68.88,58,N/A,2505,9501,13,12416,0x0000000000000000,0.98,123962
09:57:58,68.72,58,N/A,2505,9501,37,14080,0x0000000000000000,0.98,123757
09:58:00,68.62,58,N/A,2505,9501,13,15936,0x0000000000000000,0.98,123887
09:58:02,67.86,57,N/A,2505,9501,0,17600,0x0000000000000000,0.98,123613
09:58:04,67.77,57,N/A,2505,9501,0,19488,0x0000000000000000,1.07,123866
09:58:06,67.52,57,N/A,2505,9501,2,21280,0x0000000000000000,1.07,123869
09:58:08,250.14,63,N/A,1050,9501,100,22056,0x0000000000000004,1.06,123771
09:58:11,145.31,60,N/A,2760,10001,0,2,0x0000000000000000,1.06,124067
09:58:13,83.07,58,N/A,2505,9501,0,1600,0x0000000000000000,1.06,123949
09:58:15,68.50,58,N/A,2505,9501,37,3392,0x0000000000000000,1.06,123937
09:58:17,68.32,57,N/A,2505,9501,13,5120,0x0000000000000000,1.06,123748
09:58:19,68.01,57,N/A,2505,9501,0,6784,0x0000000000000000,1.05,123577
09:58:21,67.82,57,N/A,2505,9501,37,8672,0x0000000000000000,1.05,123798
09:58:23,67.96,57,N/A,2505,9501,18,10496,0x0000000000000000,1.13,123933
09:58:25,67.56,56,N/A,2505,9501,3,12192,0x0000000000000000,1.13,123667
09:58:27,67.35,56,N/A,2505,9501,0,13856,0x0000000000000000,1.13,123527
09:58:29,66.91,56,N/A,2505,9501,37,15744,0x0000000000000000,1.20,123750
09:58:31,66.91,56,N/A,2505,9501,25,17600,0x0000000000000000,1.20,123809
09:58:33,66.78,56,N/A,2505,9501,0,19264,0x0000000000000000,1.18,123557
09:58:35,66.86,56,N/A,2505,9501,37,21152,0x0000000000000000,1.18,123796
09:58:37,250.93,62,N/A,855,9501,100,22760,0x0000000000000004,1.18,123765
09:58:39,92.04,57,N/A,2760,9501,0,544,0x0000000000000000,1.25,123581
09:58:41,67.32,56,N/A,2505,9501,18,2176,0x0000000000000000,1.25,123938
09:58:43,66.87,56,N/A,2505,9501,13,3872,0x0000000000000000,1.23,123657
09:58:45,66.81,56,N/A,2505,9501,11,5760,0x0000000000000000,1.23,123888
09:58:47,66.94,56,N/A,2505,9501,29,7552,0x0000000000000000,1.29,123905
09:58:49,66.63,56,N/A,2505,9501,13,9280,0x0000000000000000,1.29,123741
09:58:52,66.48,55,N/A,2505,9501,0,10944,0x0000000000000000,1.29,123546
09:58:54,66.49,55,N/A,2505,9501,31,12832,0x0000000000000000,1.27,123780
09:58:56,66.36,55,N/A,2505,9501,21,14688,0x0000000000000000,1.27,123888
09:58:58,66.02,55,N/A,2505,9501,12,16352,0x0000000000000000,1.24,123599
09:59:00,66.41,55,N/A,2505,9501,36,18240,0x0000000000000000,1.24,123828
09:59:02,66.46,55,N/A,2505,9501,0,20064,0x0000000000000000,1.24,123926
09:59:04,67.12,55,N/A,2565,9501,7,21864,0x0000000000000000,1.22,123792
09:59:06,248.49,60,N/A,1035,9501,100,22760,0x0000000000000004,1.22,123757
09:59:08,83.20,56,N/A,2760,9501,37,1600,0x0000000000000000,1.21,123878
09:59:10,66.90,56,N/A,2505,9501,15,3392,0x0000000000000000,1.21,123917
09:59:12,66.57,55,N/A,2505,9501,26,5120,0x0000000000000000,1.21,123726
09:59:14,66.51,55,N/A,2505,9501,0,6880,0x0000000000000000,1.27,123529
09:59:16,66.37,55,N/A,2505,9501,37,8672,0x0000000000000000,1.27,123755
09:59:18,66.09,55,N/A,2505,9501,20,10528,0x0000000000000000,1.25,123835
09:59:20,66.05,55,N/A,2505,9501,5,12192,0x0000000000000000,1.25,123600
09:59:22,66.04,55,N/A,2505,9501,36,14080,0x0000000000000000,1.25,123813
09:59:24,65.96,55,N/A,2505,9501,0,15872,0x0000000000000000,1.23,123865
09:59:26,65.86,54,N/A,2505,9501,22,17600,0x0000000000000000,1.23,123660
09:59:28,65.53,54,N/A,2505,9501,0,19488,0x0000000000000000,1.21,123499
09:59:30,65.69,54,N/A,2505,9501,37,21280,0x0000000000000000,1.21,123870
09:59:32,250.12,60,N/A,960,9501,100,21928,0x0000000000000004,1.21,123750
09:59:34,249.17,58,N/A,2505,9501,95,20456,0x0000000000000004,1.35,123748
09:59:36,84.22,57,N/A,2760,10001,0,2,0x0000000000000000,1.35,124254
09:59:39,82.72,56,N/A,2745,10001,0,2,0x0000000000000001,1.24,124255
09:59:41,55.21,55,N/A,1770,10001,0,2,0x0000000000000001,1.24,124256
09:59:43,41.04,54,N/A,210,810,0,2,0x0000000000000001,1.14,124255
09:59:45,54.02,55,N/A,1830,10001,0,2,0x0000000000000001,1.14,124253
09:59:47,53.37,54,N/A,1920,10001,0,2,0x0000000000000001,1.21,124251
09:59:50,58.18,55,N/A,2505,9501,1,480,0x0000000000000000,1.21,123929
09:59:52,65.31,54,N/A,2505,9501,0,1376,0x0000000000000000,1.21,123586
09:59:54,65.49,54,N/A,2505,9501,0,3040,0x0000000000000000,1.20,123541
09:59:56,65.36,54,N/A,2505,9501,0,4288,0x0000000000000000,1.20,123609
09:59:58,65.28,54,N/A,2505,9501,2,6176,0x0000000000000000,1.18,123844
10:00:00,65.53,54,N/A,2505,9501,18,7968,0x0000000000000000,1.18,123879
10:00:02,65.37,54,N/A,2505,9501,13,9696,0x0000000000000000,1.18,123679
10:00:04,65.25,54,N/A,2505,9501,0,11392,0x0000000000000000,1.17,123519
10:00:06,65.46,54,N/A,2505,9501,37,13248,0x0000000000000000,1.17,123781
10:00:08,65.22,54,N/A,2505,9501,15,15072,0x0000000000000000,1.15,123901
10:00:10,65.15,53,N/A,2505,9501,13,16768,0x0000000000000000,1.15,123703
10:00:12,64.80,53,N/A,2505,9501,0,18432,0x0000000000000000,1.15,123552
10:00:14,65.03,53,N/A,2505,9501,37,20320,0x0000000000000000,1.14,123783
10:00:16,76.30,53,N/A,2505,9501,0,22024,0x0000000000000000,1.14,123725
10:00:18,248.44,60,N/A,915,9501,91,22056,0x0000000000000004,1.13,123727
10:00:20,247.83,61,N/A,1035,9501,91,22056,0x0000000000000004,1.13,123723
10:00:22,250.22,62,N/A,930,9501,96,22056,0x0000000000000004,1.13,123724
10:00:24,249.02,63,N/A,900,9501,91,22056,0x0000000000000004,1.12,123721
10:00:26,249.29,64,N/A,900,9501,96,22056,0x0000000000000004,1.12,123720
10:00:28,248.56,64,N/A,1215,9501,91,22056,0x0000000000000004,1.11,123719
10:00:30,248.21,65,N/A,1005,9501,91,22056,0x0000000000000004,1.11,123721
10:00:32,248.93,66,N/A,1020,9501,95,22056,0x0000000000000004,1.11,123720
10:00:34,248.20,67,N/A,990,9501,91,22056,0x0000000000000004,1.18,123720
10:00:37,248.48,67,N/A,975,9501,90,22056,0x0000000000000004,1.18,123721
10:00:39,248.73,68,N/A,1050,9501,95,22056,0x0000000000000004,1.25,123719
10:00:41,250.16,69,N/A,1155,9501,95,22056,0x0000000000000004,1.25,123723
10:00:43,249.56,70,N/A,960,9501,91,22056,0x0000000000000004,1.23,123731
10:00:45,249.16,70,N/A,915,9501,95,22056,0x0000000000000004,1.23,123730
10:00:47,248.87,71,N/A,945,9501,96,22056,0x0000000000000004,1.23,123729
10:00:49,249.05,71,N/A,930,9501,96,22056,0x0000000000000004,1.29,123718
10:00:51,249.06,71,N/A,885,9501,96,22056,0x0000000000000004,1.29,123715
10:00:53,248.11,72,N/A,930,9501,96,22056,0x0000000000000004,1.26,123720
10:00:55,249.50,72,N/A,885,9501,100,22088,0x0000000000000004,1.26,123725
10:00:57,249.30,73,N/A,885,9501,100,22152,0x0000000000000004,1.26,123723
10:00:59,249.31,73,N/A,795,9501,99,22152,0x0000000000000004,1.24,123725
10:01:01,249.30,73,N/A,870,9501,100,22152,0x0000000000000004,1.24,123725
10:01:03,249.32,74,N/A,840,9501,100,22152,0x0000000000000004,1.30,123724
10:01:05,249.37,74,N/A,795,9501,99,22152,0x0000000000000004,1.30,123726
10:01:07,249.47,75,N/A,855,9501,100,22152,0x0000000000000004,1.30,123725
10:01:09,249.29,75,N/A,825,9501,100,22152,0x0000000000000004,1.28,123722
10:01:11,248.97,75,N/A,885,9501,100,22152,0x0000000000000004,1.28,123719
10:01:13,249.60,76,N/A,780,9501,100,22152,0x0000000000000004,1.26,123723
10:01:15,249.35,76,N/A,765,9501,99,22152,0x0000000000000004,1.26,123723
10:01:17,249.83,76,N/A,780,9501,99,22152,0x0000000000000004,1.26,123722
10:01:19,250.26,76,N/A,870,9501,100,22152,0x0000000000000004,1.24,123722
10:01:21,249.41,76,N/A,915,9501,100,22152,0x0000000000000004,1.24,123720
10:01:24,249.95,77,N/A,825,9501,100,22216,0x0000000000000004,1.22,123710
10:01:26,250.00,77,N/A,825,9501,98,22248,0x0000000000000004,1.22,123713
10:01:28,250.52,77,N/A,810,9501,98,22248,0x0000000000000004,1.20,123716
10:01:30,249.61,77,N/A,825,9501,99,22248,0x0000000000000004,1.20,123716
10:01:32,250.01,77,N/A,750,9501,100,22248,0x0000000000000004,1.20,123715
10:01:34,249.33,77,N/A,750,9501,100,22248,0x0000000000000004,1.18,123716
10:01:36,249.35,78,N/A,720,9501,100,22248,0x0000000000000004,1.18,123714
10:01:38,249.09,78,N/A,780,9501,99,22248,0x0000000000000004,1.17,123713
10:01:40,249.31,78,N/A,810,9501,98,22248,0x0000000000000004,1.17,123718
10:01:42,249.23,78,N/A,810,9501,98,22248,0x0000000000000004,1.17,123713
10:01:44,249.41,78,N/A,900,9501,99,22248,0x0000000000000004,1.24,123722
10:01:46,249.76,78,N/A,810,9501,100,22248,0x0000000000000004,1.24,123723
10:01:48,249.68,79,N/A,780,9501,100,22248,0x0000000000000004,1.22,123722
10:01:50,249.12,79,N/A,780,9501,100,22376,0x0000000000000004,1.22,123715
10:01:52,249.73,79,N/A,750,9501,100,22376,0x0000000000000004,1.22,123716
10:01:54,249.69,79,N/A,795,9501,100,22408,0x0000000000000004,1.20,123715
10:01:56,249.34,79,N/A,765,9501,100,22408,0x0000000000000004,1.20,123713
10:01:58,249.51,79,N/A,720,9501,100,22408,0x0000000000000004,1.18,123711
10:02:00,249.78,79,N/A,735,9501,100,22408,0x0000000000000004,1.18,123712
10:02:02,249.45,79,N/A,750,9501,100,22408,0x0000000000000004,1.18,123712
10:02:04,248.85,79,N/A,735,9501,99,22408,0x0000000000000004,1.17,123710
10:02:06,249.35,79,N/A,735,9501,100,22408,0x0000000000000004,1.17,123710
10:02:09,249.55,79,N/A,735,9501,99,22408,0x0000000000000004,1.15,123710
10:02:11,249.30,79,N/A,750,9501,100,22408,0x0000000000000004,1.15,123714
10:02:13,249.26,79,N/A,765,9501,99,22408,0x0000000000000004,1.22,123698
10:02:15,248.76,80,N/A,735,9501,100,22536,0x0000000000000004,1.22,123711
10:02:17,248.88,80,N/A,720,9501,100,22536,0x0000000000000004,1.22,123712
10:02:19,249.10,79,N/A,690,9501,100,22536,0x0000000000000004,1.20,123717
10:02:21,249.09,79,N/A,765,9501,99,22568,0x0000000000000004,1.20,123716
10:02:23,249.20,80,N/A,720,9501,100,22568,0x0000000000000004,1.19,123718
10:02:25,249.31,80,N/A,720,9501,100,22568,0x0000000000000004,1.19,123719
10:02:27,249.66,79,N/A,705,9501,100,22568,0x0000000000000004,1.19,123718
10:02:29,249.06,80,N/A,750,9501,100,22568,0x0000000000000004,1.17,123718
10:02:31,249.09,80,N/A,720,9501,100,22568,0x0000000000000004,1.17,123720
10:02:33,249.27,80,N/A,750,9501,100,22568,0x0000000000000004,1.16,123721
10:02:35,249.02,80,N/A,735,9501,100,22568,0x0000000000000004,1.16,123720
10:02:37,248.94,80,N/A,705,9501,97,22568,0x0000000000000004,1.16,123720
10:02:39,201.19,79,N/A,840,9501,93,22568,0x0000000000000004,1.15,123708
10:02:41,249.39,79,N/A,795,9501,95,22568,0x0000000000000004,1.15,123718
10:02:43,249.27,80,N/A,765,9501,91,22568,0x0000000000000004,1.13,123718
10:02:45,249.45,80,N/A,780,9501,100,22568,0x0000000000000004,1.13,123720
10:02:47,249.10,80,N/A,825,9501,94,22568,0x0000000000000004,1.13,123723
10:02:49,249.60,80,N/A,1020,9501,100,22568,0x0000000000000004,1.20,123724
10:02:51,249.65,78,N/A,765,9501,92,22568,0x0000000000000004,1.20,123722
10:02:53,249.53,80,N/A,765,9501,100,22568,0x0000000000000004,1.19,123721
10:02:56,249.23,79,N/A,765,9501,95,22568,0x0000000000000004,1.19,123721
10:02:58,249.33,79,N/A,750,9501,95,22568,0x0000000000000004,1.19,123720
10:03:00,249.07,80,N/A,735,9501,100,22568,0x0000000000000004,1.33,123720
10:03:02,249.57,80,N/A,735,9501,100,22568,0x0000000000000004,1.33,123719
10:03:04,249.68,80,N/A,735,9501,100,22696,0x0000000000000004,1.31,123719
10:03:06,249.27,80,N/A,750,9501,100,22696,0x0000000000000004,1.31,123717
10:03:08,249.27,80,N/A,750,9501,100,22696,0x0000000000000004,1.28,123720
10:03:10,249.24,80,N/A,765,9501,100,22696,0x0000000000000004,1.28,123716
10:03:12,248.53,80,N/A,705,9501,96,22696,0x0000000000000004,1.28,123708
10:03:14,249.47,80,N/A,735,9501,100,22696,0x0000000000000004,1.26,123721
10:03:16,249.09,80,N/A,720,9501,100,22696,0x0000000000000004,1.26,123721
10:03:18,249.15,80,N/A,765,9501,100,22920,0x0000000000000004,1.24,123719
10:03:20,249.07,80,N/A,750,9501,100,22920,0x0000000000000004,1.24,123710
10:03:22,249.03,80,N/A,735,9501,100,22920,0x0000000000000004,1.24,123709
10:03:24,249.10,80,N/A,750,9501,95,22920,0x0000000000000004,1.22,123708
10:03:26,249.45,80,N/A,765,9501,95,22920,0x0000000000000004,1.22,123711
10:03:28,249.14,80,N/A,765,9501,98,22920,0x0000000000000004,1.20,123707
10:03:30,126.15,76,N/A,2730,10001,0,2,0x0000000000000000,1.20,124249
10:03:32,102.28,74,N/A,2730,10001,0,2,0x0000000000000000,1.20,124249
10:03:35,78.59,73,N/A,2535,10001,0,2,0x0000000000000001,1.10,124244
10:03:37,73.96,70,N/A,2505,10001,0,2,0x0000000000000001,1.10,124244
10:03:39,86.78,70,N/A,495,810,0,2,0x0000000000000001,1.02,124243
10:03:41,91.65,70,N/A,555,810,0,2,0x0000000000000000,1.02,124106
10:03:43,85.63,69,N/A,2715,10001,0,2,0x0000000000000001,1.09,123910
10:03:46,93.00,68,N/A,2745,9501,98,2144,0x0000000000000000,1.09,123665
10:03:48,99.07,68,N/A,2745,9501,97,14436,0x0000000000000000,1.09,123636
10:03:50,95.46,67,N/A,2745,9501,6,22026,0x0000000000000000,1.17,123497
10:03:52,75.32,66,N/A,2505,9501,0,22026,0x0000000000000000,1.17,123480
10:03:54,71.39,65,N/A,2505,9501,0,22026,0x0000000000000000,1.15,123473
10:03:56,71.26,64,N/A,2505,9501,0,22026,0x0000000000000000,1.15,123460
10:03:58,71.19,64,N/A,2505,9501,0,22026,0x0000000000000000,1.14,123445
10:04:00,70.91,63,N/A,2505,9501,0,22026,0x0000000000000000,1.14,123092
10:04:02,70.61,63,N/A,2505,9501,0,22026,0x0000000000000000,1.14,122888
10:04:04,70.29,62,N/A,2505,9501,0,22026,0x0000000000000000,1.21,122883
10:04:06,70.20,62,N/A,2505,9501,0,22026,0x0000000000000000,1.21,122868
10:04:08,57.04,60,N/A,360,810,0,22026,0x0000000000000001,1.19,122841
10:04:10,33.71,60,N/A,210,405,0,22026,0x0000000000000001,1.19,122821
10:04:12,32.57,59,N/A,210,405,0,22026,0x0000000000000001,1.19,122794
10:04:14,31.68,58,N/A,210,405,0,22026,0x0000000000000001,1.26,122764
10:04:16,31.75,58,N/A,210,405,0,22026,0x0000000000000001,1.26,122763
10:04:18,31.30,57,N/A,210,405,0,22026,0x0000000000000001,1.24,122758
10:04:20,30.79,57,N/A,210,405,0,22026,0x0000000000000001,1.24,122816
10:04:22,30.07,57,N/A,210,405,0,22026,0x0000000000000001,1.24,122819
10:04:24,87.05,57,N/A,2505,9501,0,22098,0x0000000000000000,1.30,122529
10:04:26,66.81,57,N/A,2505,9501,0,22098,0x0000000000000000,1.30,122524
10:04:28,66.81,57,N/A,2505,9501,0,22098,0x0000000000000000,1.27,122521
10:04:30,66.47,57,N/A,2505,9501,0,22098,0x0000000000000000,1.27,122517
10:04:33,66.26,56,N/A,2505,9501,0,22098,0x0000000000000000,1.27,122479
10:04:35,66.10,56,N/A,2505,9501,0,22098,0x0000000000000000,1.25,122480
10:04:37,65.76,56,N/A,2505,9501,0,22098,0x0000000000000000,1.25,122476
10:04:39,65.81,56,N/A,2505,9501,0,22098,0x0000000000000000,1.23,122475
10:04:41,65.70,56,N/A,2505,9501,0,22098,0x0000000000000001,1.23,122475
10:04:43,36.50,55,N/A,225,405,0,22098,0x0000000000000001,1.29,122450
10:04:45,28.25,54,N/A,210,405,0,22098,0x0000000000000001,1.29,122406
10:04:47,27.99,54,N/A,210,405,0,22098,0x0000000000000001,1.29,122397
10:04:49,27.96,54,N/A,210,405,0,22098,0x0000000000000001,1.27,122366
10:04:51,27.76,53,N/A,210,405,0,22098,0x0000000000000001,1.27,122360
10:04:53,27.53,53,N/A,210,405,0,22098,0x0000000000000001,1.33,122360
10:04:55,27.71,53,N/A,210,405,0,22098,0x0000000000000001,1.33,122357
10:04:57,27.66,53,N/A,210,405,0,22098,0x0000000000000001,1.33,122356
10:04:59,27.48,52,N/A,210,405,0,22098,0x0000000000000001,1.30,122348
10:05:01,27.37,52,N/A,210,405,0,22098,0x0000000000000001,1.30,122302
10:05:03,250.24,57,N/A,825,9501,90,22630,0x0000000000000004,1.28,122197
10:05:05,249.65,60,N/A,870,9501,100,23126,0x0000000000000004,1.28,122198
10:05:07,249.76,61,N/A,855,9501,100,23126,0x0000000000000004,1.28,122201
10:05:09,249.32,62,N/A,825,9501,100,23314,0x0000000000000004,1.25,122191
10:05:11,249.35,63,N/A,855,9501,100,23576,0x0000000000000004,1.25,122184
10:05:13,249.79,64,N/A,825,9501,100,24022,0x0000000000000004,1.23,122176
10:05:15,249.38,65,N/A,840,9501,100,24022,0x0000000000000004,1.23,122172
10:05:17,249.43,66,N/A,795,9501,100,23876,0x0000000000000004,1.23,122151
10:05:20,249.77,67,N/A,840,9501,100,24222,0x0000000000000004,1.22,122151
10:05:22,249.86,68,N/A,825,9501,100,24222,0x0000000000000004,1.22,122149
10:05:24,249.40,69,N/A,780,9501,100,24812,0x0000000000000004,1.20,122144
10:05:26,249.71,69,N/A,795,9501,100,24812,0x0000000000000004,1.20,122146
10:05:28,248.05,70,N/A,810,9501,91,24404,0x0000000000000004,1.20,122143
10:05:30,249.75,71,N/A,825,9501,100,24792,0x0000000000000004,1.34,122123
10:05:32,249.55,71,N/A,825,9501,100,25200,0x0000000000000004,1.34,122116
10:05:34,249.50,72,N/A,825,9501,100,25200,0x0000000000000004,1.31,122114
10:05:36,251.76,72,N/A,810,9501,100,25952,0x0000000000000004,1.31,122111
10:05:38,249.74,73,N/A,825,9501,100,25952,0x0000000000000004,1.29,122112
10:05:40,249.60,73,N/A,825,9501,100,25952,0x0000000000000004,1.29,122112
10:05:42,249.69,74,N/A,825,9501,100,25952,0x0000000000000004,1.29,122112
10:05:44,249.54,74,N/A,765,9501,100,25356,0x0000000000000004,1.27,122094
10:05:46,249.48,74,N/A,780,9501,100,25620,0x0000000000000004,1.27,122101
10:05:48,249.42,75,N/A,780,9501,100,26092,0x0000000000000004,1.24,122095
10:05:50,249.51,75,N/A,795,9501,100,26092,0x0000000000000004,1.24,122097
10:05:52,249.53,75,N/A,810,9501,100,27024,0x0000000000000004,1.24,122090
10:05:54,249.75,75,N/A,780,9501,100,27024,0x0000000000000004,1.22,122086
10:05:56,249.72,76,N/A,795,9501,100,27024,0x0000000000000004,1.22,122082
10:05:58,249.54,76,N/A,795,9501,100,27024,0x0000000000000004,1.29,122089
10:06:00,244.67,77,N/A,810,9501,95,26032,0x0000000000000004,1.29,122082
10:06:02,249.56,76,N/A,810,9501,100,26240,0x0000000000000004,1.29,122406
10:06:04,249.41,77,N/A,795,9501,100,26488,0x0000000000000004,1.26,122392
10:06:07,248.95,77,N/A,735,9501,100,27056,0x0000000000000004,1.26,122388
10:06:09,249.35,77,N/A,780,9501,100,27056,0x0000000000000004,1.24,122385
10:06:11,249.42,77,N/A,795,9501,100,27056,0x0000000000000004,1.24,122384
10:06:13,249.31,77,N/A,720,9501,100,26288,0x0000000000000004,1.24,122365
10:06:15,249.40,77,N/A,765,9501,100,26624,0x0000000000000004,1.22,122343
10:06:17,249.21,78,N/A,765,9501,100,26624,0x0000000000000004,1.22,122357
10:06:19,249.37,77,N/A,765,9501,100,27246,0x0000000000000004,1.20,122350
10:06:21,249.34,78,N/A,780,9501,100,27246,0x0000000000000004,1.20,122340
10:06:23,249.44,78,N/A,750,9501,100,27246,0x0000000000000004,1.27,122340
10:06:25,249.94,78,N/A,795,9501,100,26234,0x0000000000000004,1.27,122328
10:06:27,249.27,78,N/A,765,9501,100,26430,0x0000000000000004,1.27,122325
10:06:29,249.48,78,N/A,765,9501,100,26836,0x0000000000000004,1.25,122316
10:06:31,249.43,78,N/A,765,9501,100,26836,0x0000000000000004,1.25,122317
10:06:33,249.24,78,N/A,795,9501,100,27648,0x0000000000000004,1.23,122312
10:06:35,249.35,78,N/A,810,9501,100,27648,0x0000000000000004,1.23,122312
10:06:37,249.39,78,N/A,810,9501,100,27648,0x0000000000000004,1.23,122315
10:06:39,249.12,79,N/A,840,9501,100,26204,0x0000000000000004,1.21,122309
10:06:41,249.70,79,N/A,795,9501,100,26580,0x0000000000000004,1.21,122290
10:06:43,249.70,79,N/A,780,9501,100,26580,0x0000000000000004,1.19,122289
10:06:45,249.15,79,N/A,750,9501,100,27082,0x0000000000000004,1.19,122293
10:06:47,249.54,79,N/A,780,9501,100,27082,0x0000000000000004,1.19,122287
10:06:49,249.47,79,N/A,780,9501,100,28064,0x0000000000000004,1.18,122281
10:06:51,249.54,79,N/A,780,9501,100,28064,0x0000000000000004,1.18,122281
10:06:54,249.62,79,N/A,765,9501,100,28064,0x0000000000000004,1.16,122287
10:06:56,249.42,79,N/A,810,9501,100,28064,0x0000000000000004,1.16,122288
10:06:58,249.49,79,N/A,795,9501,100,28064,0x0000000000000004,1.16,122286
10:07:00,248.76,79,N/A,780,9501,100,26784,0x0000000000000004,1.15,122276
10:07:02,249.57,79,N/A,765,9501,100,27096,0x0000000000000004,1.15,122271
10:07:04,249.43,79,N/A,810,9501,100,27666,0x0000000000000004,1.22,122269
10:07:06,249.24,79,N/A,795,9501,100,27666,0x0000000000000004,1.22,122269
10:07:08,249.18,79,N/A,810,9501,100,27666,0x0000000000000004,1.20,122267
10:07:10,249.55,79,N/A,750,9501,100,26866,0x0000000000000004,1.20,122257
10:07:12,249.50,79,N/A,705,9501,100,27224,0x0000000000000004,1.20,122249
10:07:14,249.25,79,N/A,780,9501,100,27224,0x0000000000000004,1.18,122253
10:07:16,249.32,80,N/A,810,9501,100,27894,0x0000000000000004,1.18,122251
10:07:18,249.52,80,N/A,810,9501,100,27894,0x0000000000000004,1.17,122252
10:07:20,249.41,80,N/A,750,9501,100,27894,0x0000000000000004,1.17,122250
10:07:22,249.04,79,N/A,780,9501,88,27024,0x0000000000000004,1.17,122234
10:07:24,249.80,80,N/A,780,9501,100,26648,0x0000000000000004,1.15,122227
10:07:26,249.23,80,N/A,810,9501,100,27532,0x0000000000000004,1.15,122230
10:07:28,249.49,80,N/A,825,9501,100,27532,0x0000000000000004,1.14,122224
10:07:30,248.94,79,N/A,825,9501,100,28426,0x0000000000000004,1.14,122219
10:07:32,249.00,80,N/A,795,9501,100,28426,0x0000000000000004,1.14,122216
10:07:34,248.77,80,N/A,795,9501,100,28426,0x0000000000000004,1.13,122217
10:07:36,249.11,80,N/A,840,9501,100,28426,0x0000000000000004,1.13,122222
10:07:38,249.38,80,N/A,765,9501,100,27218,0x0000000000000004,1.12,122209
10:07:41,249.89,81,N/A,720,9501,87,27804,0x0000000000000004,1.12,122208
10:07:43,248.79,80,N/A,825,9501,100,27804,0x0000000000000004,1.12,122208
10:07:45,249.47,80,N/A,720,9501,100,27804,0x0000000000000004,1.11,122208
10:07:47,248.60,80,N/A,825,9501,100,28966,0x0000000000000004,1.11,122205
10:07:49,249.20,80,N/A,900,9501,100,28966,0x0000000000000004,1.10,122201
10:07:51,249.13,80,N/A,870,9501,100,28966,0x0000000000000004,1.10,122205
10:07:53,248.84,79,N/A,780,9501,100,28966,0x0000000000000004,1.10,122204
10:07:55,248.74,79,N/A,765,9501,100,28966,0x0000000000000004,1.17,122205
10:07:57,249.92,81,N/A,750,9501,100,27876,0x0000000000000004,1.17,122192
10:07:59,250.21,80,N/A,810,9501,100,27876,0x0000000000000004,1.16,122194
10:08:01,246.96,80,N/A,855,9501,100,28572,0x0000000000000004,1.16,122188
10:08:03,248.20,80,N/A,840,9501,100,28572,0x0000000000000004,1.15,122187
10:08:05,248.54,80,N/A,855,9501,100,28572,0x0000000000000004,1.15,122186
10:08:07,249.39,80,N/A,810,9501,100,27680,0x0000000000000004,1.15,122179
10:08:09,249.48,80,N/A,825,9501,100,28108,0x0000000000000004,1.21,122172
10:08:11,246.44,81,N/A,750,9501,88,28926,0x0000000000000004,1.21,122173
10:08:13,248.54,80,N/A,795,9501,100,28926,0x0000000000000004,1.36,122171
10:08:15,248.30,80,N/A,765,9501,100,28926,0x0000000000000004,1.36,122171
10:08:17,248.69,80,N/A,750,9501,100,28926,0x0000000000000004,1.36,122172
10:08:19,248.90,80,N/A,825,9501,100,27794,0x0000000000000004,1.41,122165
10:08:21,248.93,80,N/A,855,9501,100,28298,0x0000000000000004,1.41,122152
10:08:23,248.84,80,N/A,795,9501,100,28298,0x0000000000000004,1.38,122148
10:08:25,248.56,80,N/A,930,9501,100,29304,0x0000000000000004,1.38,122143
10:08:28,247.58,80,N/A,765,9501,100,29304,0x0000000000000004,1.38,122149
10:08:30,247.94,80,N/A,750,9501,100,29304,0x0000000000000004,1.35,122146
10:08:32,247.65,80,N/A,810,9501,100,29304,0x0000000000000004,1.35,122148
10:08:34,249.03,80,N/A,825,9501,100,27968,0x0000000000000004,1.32,122148
10:08:36,248.67,80,N/A,825,9501,100,28536,0x0000000000000004,1.32,122143
10:08:38,247.73,80,N/A,765,9501,100,28536,0x0000000000000004,1.32,122142
10:08:40,247.95,79,N/A,780,9501,100,29706,0x0000000000000004,1.29,122137
10:08:42,248.55,80,N/A,795,9501,100,29706,0x0000000000000004,1.29,122124
10:08:44,248.86,79,N/A,765,9501,100,29706,0x0000000000000004,1.27,122134
10:08:46,248.90,80,N/A,780,9501,100,29706,0x0000000000000004,1.27,122132
10:08:48,249.91,80,N/A,840,9501,100,28596,0x0000000000000004,1.25,122115
10:08:50,248.73,81,N/A,855,9501,100,29382,0x0000000000000004,1.25,122127
10:08:52,248.40,80,N/A,780,9501,100,29382,0x0000000000000004,1.25,122123
10:08:54,248.14,80,N/A,885,9501,100,29382,0x0000000000000004,1.23,122126
10:08:56,247.54,80,N/A,825,9501,100,30818,0x0000000000000004,1.23,122118
10:08:58,247.71,80,N/A,765,9501,100,30818,0x0000000000000004,1.21,122110
10:09:00,248.59,80,N/A,1005,9501,100,30818,0x0000000000000004,1.21,122110
10:09:02,247.60,79,N/A,795,9501,100,30818,0x0000000000000004,1.21,122111
10:09:04,248.57,80,N/A,780,9501,100,30818,0x0000000000000004,1.19,122109
10:09:06,144.91,75,N/A,2505,9501,0,28724,0x0000000000000000,1.19,122084
10:09:08,249.74,79,N/A,660,9501,91,28734,0x0000000000000004,1.18,121968
10:09:10,247.54,80,N/A,630,9501,83,28734,0x0000000000000004,1.18,121969
10:09:12,250.76,80,N/A,615,9501,93,28734,0x0000000000000004,1.18,121974
10:09:15,250.25,79,N/A,555,9501,90,28734,0x0000000000000004,1.24,121973
10:09:17,249.17,79,N/A,615,9501,95,28734,0x0000000000000004,1.24,121975
10:09:19,247.40,79,N/A,645,9501,91,28734,0x0000000000000004,1.22,121966
10:09:21,247.90,79,N/A,885,9501,91,28734,0x0000000000000004,1.22,121982
10:09:23,248.96,79,N/A,615,9501,92,28734,0x0000000000000004,1.22,121976
10:09:25,249.33,79,N/A,660,9501,92,28734,0x0000000000000004,1.12,121976
10:09:27,249.31,79,N/A,600,9501,93,28734,0x0000000000000004,1.12,121978
10:09:29,248.37,79,N/A,645,9501,89,28734,0x0000000000000004,1.11,121974
10:09:31,249.99,79,N/A,615,9501,93,28734,0x0000000000000004,1.11,121977
10:09:33,248.70,79,N/A,615,9501,93,28734,0x0000000000000004,1.10,121977
10:09:35,249.05,79,N/A,630,9501,93,28734,0x0000000000000004,1.10,121980
10:09:37,248.72,79,N/A,630,9501,92,28734,0x0000000000000004,1.10,121982
10:09:39,248.75,79,N/A,615,9501,93,28734,0x0000000000000004,1.10,121980
10:09:41,249.00,79,N/A,675,9501,92,28734,0x0000000000000004,1.10,121979
10:09:43,248.27,79,N/A,630,9501,89,28734,0x0000000000000004,1.17,121978
10:09:45,249.81,79,N/A,645,9501,92,28734,0x0000000000000004,1.17,121976
10:09:47,249.25,79,N/A,885,9501,92,28734,0x0000000000000004,1.17,121974
10:09:49,249.12,79,N/A,645,9501,93,28734,0x0000000000000004,1.15,121983
10:09:51,248.40,79,N/A,645,9501,93,28734,0x0000000000000004,1.15,121975
10:09:53,247.94,79,N/A,780,9501,93,28734,0x0000000000000004,1.14,121977
10:09:55,248.56,79,N/A,630,9501,93,28734,0x0000000000000004,1.14,121977
10:09:57,248.69,79,N/A,630,9501,92,28734,0x0000000000000004,1.14,121986
10:10:00,247.38,79,N/A,630,9501,93,28734,0x0000000000000004,1.13,121984
10:10:02,249.01,79,N/A,645,9501,93,28734,0x0000000000000004,1.13,121985
10:10:04,249.07,79,N/A,630,9501,93,28734,0x0000000000000004,1.12,121984
10:10:06,248.56,79,N/A,630,9501,93,28734,0x0000000000000004,1.12,121984
10:10:08,249.62,80,N/A,690,9501,100,28734,0x0000000000000004,1.12,121983
10:10:10,248.78,80,N/A,690,9501,100,28734,0x0000000000000004,1.11,121982
10:10:12,249.87,80,N/A,675,9501,100,28734,0x0000000000000004,1.11,121984
10:10:14,249.60,80,N/A,675,9501,100,28734,0x0000000000000004,1.10,121981
10:10:16,249.51,80,N/A,675,9501,100,28734,0x0000000000000004,1.10,121980
10:10:18,249.53,79,N/A,600,9501,97,28734,0x0000000000000004,1.10,121965
10:10:20,248.97,80,N/A,645,9501,97,28734,0x0000000000000004,1.41,121994
10:10:22,249.53,79,N/A,585,9501,98,28734,0x0000000000000004,1.41,121993
10:10:24,249.26,79,N/A,675,9501,98,28734,0x0000000000000004,1.38,121991
10:10:26,249.10,79,N/A,675,9501,98,28734,0x0000000000000004,1.38,121992
10:10:28,248.93,80,N/A,690,9501,100,28734,0x0000000000000004,1.35,121988
10:10:30,249.42,80,N/A,690,9501,100,28734,0x0000000000000004,1.35,121988
10:10:32,249.23,80,N/A,690,9501,100,28734,0x0000000000000004,1.35,121987
10:10:34,249.74,80,N/A,675,9501,100,28734,0x0000000000000004,1.32,121985
10:10:36,249.51,80,N/A,675,9501,100,28734,0x0000000000000004,1.32,121990
10:10:38,249.69,80,N/A,660,9501,100,28734,0x0000000000000004,1.29,121987
10:10:40,249.34,80,N/A,645,9501,100,28734,0x0000000000000004,1.29,121987
10:10:42,249.48,80,N/A,600,9501,100,28734,0x0000000000000004,1.29,121987
10:10:44,248.85,80,N/A,675,9501,98,28734,0x0000000000000004,1.27,121987
10:10:47,249.30,79,N/A,675,9501,98,28734,0x0000000000000004,1.27,121987
10:10:49,248.65,79,N/A,690,9501,98,28734,0x0000000000000004,1.25,121983
10:10:51,248.76,80,N/A,690,9501,100,28734,0x0000000000000004,1.25,121989
10:10:53,249.62,80,N/A,675,9501,100,28734,0x0000000000000004,1.25,121985
10:10:55,249.77,80,N/A,660,9501,100,28734,0x0000000000000004,1.23,121983
10:10:57,249.48,80,N/A,570,9501,100,28734,0x0000000000000004,1.23,121982
10:10:59,248.78,80,N/A,705,9501,97,28734,0x0000000000000004,1.21,121982
10:11:01,248.73,80,N/A,675,9501,98,28734,0x0000000000000004,1.21,121982
10:11:03,249.71,80,N/A,675,9501,100,28734,0x0000000000000004,1.21,121984
10:11:05,249.61,80,N/A,675,9501,100,28734,0x0000000000000004,1.19,121985
10:11:07,249.62,80,N/A,660,9501,100,28734,0x0000000000000004,1.19,121982
10:11:09,249.61,80,N/A,660,9501,100,28734,0x0000000000000004,1.18,121981
10:11:11,249.07,80,N/A,675,9501,98,28734,0x0000000000000004,1.18,121982
10:11:13,249.35,80,N/A,690,9501,100,28734,0x0000000000000004,1.32,121974
10:11:15,249.62,80,N/A,675,9501,100,28734,0x0000000000000004,1.32,121972
10:11:17,249.72,80,N/A,645,9501,100,28734,0x0000000000000004,1.32,121972
10:11:19,249.73,80,N/A,675,9501,100,28734,0x0000000000000004,1.30,121987
10:11:21,249.64,80,N/A,615,9501,96,28734,0x0000000000000004,1.30,121990
10:11:23,248.69,80,N/A,675,9501,97,28734,0x0000000000000004,1.35,121984
10:11:25,249.92,80,N/A,660,9501,100,28734,0x0000000000000004,1.35,121982
10:11:27,249.77,80,N/A,660,9501,100,28734,0x0000000000000004,1.35,121981
10:11:29,249.79,80,N/A,690,9501,100,28734,0x0000000000000004,1.33,121977
10:11:31,249.74,80,N/A,645,9501,100,28734,0x0000000000000004,1.33,121975
10:11:34,249.71,80,N/A,600,9501,100,28734,0x0000000000000004,1.30,121977
10:11:36,248.91,80,N/A,660,9501,98,28734,0x0000000000000004,1.30,121976
10:11:38,249.49,80,N/A,660,9501,100,28734,0x0000000000000004,1.30,121978
10:11:40,249.75,80,N/A,675,9501,100,28734,0x0000000000000004,1.27,121977
10:11:42,249.80,80,N/A,645,9501,100,28734,0x0000000000000004,1.27,121976
10:11:44,248.07,80,N/A,615,9501,100,28734,0x0000000000000004,1.25,121983
10:11:46,248.61,80,N/A,675,9501,100,28734,0x0000000000000004,1.25,121981
10:11:48,249.02,80,N/A,645,9501,100,28734,0x0000000000000004,1.25,121980
10:11:50,249.41,80,N/A,645,9501,100,28734,0x0000000000000004,1.23,121979
10:11:52,248.99,80,N/A,600,9501,96,28734,0x0000000000000004,1.23,121973
10:11:54,249.44,80,N/A,675,9501,100,28734,0x0000000000000004,1.21,121978
10:11:56,249.37,80,N/A,645,9501,100,28734,0x0000000000000004,1.21,121976
10:11:58,248.96,80,N/A,675,9501,100,28734,0x0000000000000004,1.20,121978
10:12:00,249.25,80,N/A,675,9501,100,28734,0x0000000000000004,1.20,121973
10:12:02,249.70,80,N/A,615,9501,100,28734,0x0000000000000004,1.20,121973
10:12:04,249.36,80,N/A,645,9501,100,28734,0x0000000000000004,1.18,121976
10:12:06,249.35,80,N/A,675,9501,100,28734,0x0000000000000004,1.18,121976
10:12:08,248.46,80,N/A,660,9501,97,28734,0x0000000000000004,1.16,121975
10:12:10,249.32,80,N/A,645,9501,100,28734,0x0000000000000004,1.16,121973
10:12:12,249.51,80,N/A,645,9501,100,28734,0x0000000000000004,1.16,121972
10:12:14,249.61,80,N/A,645,9501,100,28734,0x0000000000000004,1.15,121971
10:12:16,249.33,80,N/A,660,9501,100,28734,0x0000000000000004,1.15,121971
10:12:18,249.23,80,N/A,660,9501,100,28734,0x0000000000000004,1.14,121972
10:12:21,249.47,80,N/A,630,9501,100,28734,0x0000000000000004,1.14,121969
10:12:23,249.33,79,N/A,615,9501,97,28734,0x0000000000000004,1.14,121970
10:12:25,249.16,80,N/A,645,9501,97,28734,0x0000000000000004,1.13,121970
10:12:27,249.47,80,N/A,645,9501,100,28734,0x0000000000000004,1.13,121975
10:12:29,248.30,80,N/A,675,9501,100,28734,0x0000000000000004,1.20,121966
10:12:31,249.85,80,N/A,735,9501,100,28734,0x0000000000000004,1.20,121967
10:12:33,249.46,80,N/A,615,9501,95,28734,0x0000000000000004,1.20,121970
10:12:35,249.28,80,N/A,720,9501,100,28734,0x0000000000000004,1.18,121968
10:12:37,249.51,80,N/A,720,9501,100,28734,0x0000000000000004,1.18,121968
10:12:39,249.05,80,N/A,630,9501,100,28734,0x0000000000000004,1.17,121968
10:12:41,249.37,80,N/A,720,9501,100,28734,0x0000000000000004,1.17,121965
10:12:43,249.14,80,N/A,645,9501,100,28734,0x0000000000000004,1.17,121965
10:12:45,249.75,80,N/A,720,9501,100,28734,0x0000000000000004,1.15,121961
10:12:47,249.24,80,N/A,660,9501,100,28734,0x0000000000000004,1.15,121958
10:12:49,249.60,80,N/A,720,9501,100,28734,0x0000000000000004,1.14,121959
10:12:51,249.52,80,N/A,720,9501,100,28734,0x0000000000000004,1.14,121964
10:12:53,249.19,80,N/A,645,9501,99,28734,0x0000000000000004,1.13,121958
10:12:55,249.40,80,N/A,705,9501,100,28734,0x0000000000000004,1.13,121957
10:12:57,249.23,80,N/A,645,9501,100,28734,0x0000000000000004,1.13,121956
10:12:59,249.02,80,N/A,720,9501,100,28734,0x0000000000000004,1.12,121963
10:13:01,249.49,80,N/A,675,9501,100,28734,0x0000000000000004,1.12,121962
10:13:03,249.44,80,N/A,705,9501,100,28734,0x0000000000000004,1.11,121967
10:13:05,249.54,80,N/A,705,9501,100,28734,0x0000000000000004,1.11,121966
10:13:08,249.13,80,N/A,750,9501,100,28734,0x0000000000000004,1.11,121965
10:13:10,249.54,80,N/A,720,9501,100,28734,0x0000000000000004,1.10,121968
10:13:12,250.06,80,N/A,660,9501,100,28734,0x0000000000000004,1.10,121970
10:13:14,249.48,80,N/A,735,9501,100,28734,0x0000000000000004,1.09,121969
10:13:16,249.77,80,N/A,675,9501,100,28734,0x0000000000000004,1.09,121970
10:13:18,249.43,80,N/A,720,9501,100,28734,0x0000000000000004,1.09,121974
10:13:20,249.50,80,N/A,705,9501,100,28734,0x0000000000000004,1.08,121973
10:13:22,249.43,80,N/A,645,9501,100,28734,0x0000000000000004,1.08,121957
10:13:24,249.35,79,N/A,720,9501,100,28734,0x0000000000000004,1.08,121972
10:13:26,249.13,80,N/A,645,9501,100,28734,0x0000000000000004,1.08,121969
10:13:28,212.68,80,N/A,600,9501,96,28734,0x0000000000000004,1.08,121976
10:13:30,248.81,80,N/A,990,9501,91,28734,0x0000000000000004,1.07,121971
10:13:32,249.45,79,N/A,615,9501,100,28734,0x0000000000000004,1.07,121969
10:13:34,249.43,79,N/A,645,9501,100,28734,0x0000000000000004,1.15,121968
10:13:36,249.49,80,N/A,660,9501,91,28734,0x0000000000000004,1.15,121968
10:13:38,249.19,80,N/A,645,9501,91,28734,0x0000000000000004,1.21,121969
10:13:40,249.16,79,N/A,645,9501,91,28734,0x0000000000000004,1.21,121967
10:13:42,248.12,80,N/A,675,9501,91,28734,0x0000000000000004,1.21,121969
10:13:44,249.20,78,N/A,660,9501,91,28734,0x0000000000000004,1.20,121971
10:13:46,248.51,80,N/A,645,9501,91,28734,0x0000000000000004,1.20,121968
10:13:48,249.12,79,N/A,660,9501,91,28734,0x0000000000000004,1.18,121970
10:13:50,248.88,80,N/A,960,9501,96,28734,0x0000000000000004,1.18,121970
10:13:52,249.19,79,N/A,780,9501,100,28734,0x0000000000000004,1.18,121950
10:13:55,248.82,80,N/A,960,9501,100,29334,0x0000000000000004,1.17,121958
10:13:57,247.20,79,N/A,870,9501,100,29334,0x0000000000000004,1.17,121956
10:13:59,249.05,80,N/A,705,9501,100,29334,0x0000000000000004,1.15,121955
10:14:01,248.10,79,N/A,945,9501,100,29334,0x0000000000000004,1.15,121962
10:14:03,248.64,80,N/A,945,9501,100,29334,0x0000000000000004,1.15,121963
10:14:05,247.78,80,N/A,735,9501,100,29334,0x0000000000000004,1.14,121961
10:14:07,248.61,79,N/A,750,9501,100,29334,0x0000000000000004,1.14,121966
10:14:09,248.33,79,N/A,735,9501,100,29334,0x0000000000000004,1.13,121965
10:14:11,247.03,80,N/A,825,9501,100,29334,0x0000000000000004,1.13,121964
10:14:13,248.99,80,N/A,765,9501,100,29334,0x0000000000000004,1.13,121968
10:14:15,247.39,80,N/A,735,9501,100,29334,0x0000000000000004,1.12,121962
10:14:17,247.40,79,N/A,930,9501,100,29334,0x0000000000000004,1.12,121960
10:14:19,248.61,80,N/A,735,9501,100,29334,0x0000000000000004,1.11,121967
10:14:21,247.16,79,N/A,720,9501,100,29334,0x0000000000000004,1.11,121962
10:14:23,249.30,79,N/A,645,9501,100,29334,0x0000000000000004,1.18,121956
10:14:25,249.11,80,N/A,750,9501,100,29334,0x0000000000000004,1.18,121971
10:14:27,249.08,80,N/A,675,9501,100,29334,0x0000000000000004,1.18,121971
10:14:29,248.77,79,N/A,660,9501,100,29334,0x0000000000000004,1.17,121970
10:14:31,249.59,80,N/A,630,9501,97,29334,0x0000000000000004,1.17,121969
10:14:33,249.09,80,N/A,735,9501,99,29334,0x0000000000000004,1.15,121968
10:14:35,248.94,80,N/A,675,9501,100,29334,0x0000000000000004,1.15,121964
10:14:37,249.30,80,N/A,750,9501,100,29334,0x0000000000000004,1.15,121966
10:14:39,249.21,80,N/A,645,9501,100,29334,0x0000000000000004,1.14,121966
10:14:42,249.03,79,N/A,690,9501,100,29334,0x0000000000000004,1.14,121968
10:14:44,249.60,80,N/A,705,9501,97,29334,0x0000000000000004,1.13,121967
10:14:46,100.44,74,N/A,2505,9501,0,29334,0x0000000000000000,1.13,122382
10:14:48,79.67,73,N/A,2505,9501,0,29334,0x0000000000000000,1.13,122414
10:14:50,105.86,72,N/A,2730,10001,0,2,0x0000000000000000,1.04,124246
10:14:52,70.64,70,N/A,1755,10001,0,2,0x0000000000000001,1.04,124236
10:14:54,46.27,68,N/A,240,405,0,2,0x0000000000000001,0.95,124237
10:14:56,41.99,67,N/A,210,405,0,2,0x0000000000000001,0.95,124240
10:14:58,41.55,66,N/A,210,405,0,2,0x0000000000000001,1.04,124241
10:15:00,39.79,65,N/A,210,405,0,2,0x0000000000000001,1.04,124233
10:15:03,37.94,64,N/A,210,405,0,2,0x0000000000000001,1.04,124234
10:15:05,38.47,63,N/A,210,405,0,2,0x0000000000000001,0.95,124236
10:15:07,39.26,62,N/A,210,405,0,2,0x0000000000000001,0.95,124235
10:15:09,43.28,62,N/A,1725,810,0,2,0x0000000000000001,0.88,124234
